Name, ACP, CSR, CPN, CPD, ROWD, SDA, Copies, Copydate, HOP_APP, HOP_Permit, HOP_EXP
"Sandlewood Townhomes (TEST)","2006-05-25","1990-01-01","561516","1990-01-01","1990-01-01","1990-01-01",NULL,NULL,NULL,,NULL
"Commerce Bank - Manheim Pike","1990-01-01","1990-01-01",NULL,"1990-01-01","1990-01-01","1990-01-01",NULL,"1990-01-01",NULL,,"1900-01-02"
"Penn Cinema","1990-01-01","1990-01-01",NULL,"1990-01-01","1990-01-01","2006-06-08",NULL,"1990-01-01",NULL,,"1900-01-02"
"Arbors at Spring Valley","2006-06-27","2006-06-12","199","2006-06-27","2006-06-22","2006-06-15",NULL,"1990-01-01",NULL,,"1900-01-02"
"Kissinger Subdivision","1990-01-01","1990-01-01",NULL,"1990-01-01","1990-01-01","1990-01-01",NULL,"1990-01-01",NULL,,"1900-01-02"
"Carrington Subdivision","2006-09-28","2006-09-22","201","2006-10-02","2006-07-17","2006-08-08",NULL,"1990-01-01",NULL,,"1900-01-02"
"Diller Tract","1990-01-01","1990-01-01",NULL,"1990-01-01","1990-01-01","1990-01-01",NULL,"1990-01-01",NULL,,"1900-01-02"
"Worthington (Rockview) Subdivision - Residential","2008-07-01","1990-01-01","218","2008-09-05","2008-06-30","2008-09-30","2","1990-01-01","196676","08069479","2011-02-01"
"Chatsworth","2008-01-15","2008-01-15","214","2008-01-29","1990-01-01","2008-01-17","2","2008-01-16",NULL,,"1900-01-02"
"Stone Mill Estates (Bridle Estates)","2006-10-17","2006-06-26","211","2007-10-01","1990-01-01","2007-09-27","2","2006-06-29",NULL,,"1900-01-02"
"Manor Oaks Lot 146","2006-09-11","2006-09-11",NULL,"1990-01-01","2007-05-02","1990-01-01",NULL,"1990-01-01",NULL,,"1900-01-02"
"Eagles View 1B","1990-01-01","1990-01-01",NULL,"1990-01-01","1990-01-01","1990-01-01",NULL,"1990-01-01",NULL,,"1900-01-02"
"Wetherburn Commons","2006-11-16","1990-01-01","202","2006-11-30","2006-11-06","2006-08-08",NULL,"1990-01-01",NULL,,"1900-01-02"
"Southern Village Phase 1","2005-07-11","2005-07-26","183","2005-07-11","1990-01-01","2005-06-28",NULL,"1990-01-01",NULL,,"1900-01-02"
"SIM Properites","1990-01-01","1990-01-01",NULL,"1990-01-01","1990-01-01","1990-01-01",NULL,"1990-01-01",NULL,,"1900-01-02"
"Winchelsea (Hynicka Tract)","2007-08-01","2007-06-28","210","2007-08-01","2007-07-05","2007-07-09","2","2008-01-16",NULL,,"1900-01-02"
"Al Hamiltion Family LP 2","1990-01-01","1990-01-01",NULL,"1990-01-01","1990-01-01","1990-01-01",NULL,"1990-01-01",NULL,,"1900-01-02"
"Timson Place","2007-04-04","2007-03-12","206","2007-04-10","1990-01-01","2007-03-27","2","1990-01-01",NULL,,"1900-01-02"
"D.A.D. Enterprises, Inc.","1990-01-01","1990-01-01",NULL,"1990-01-01","1990-01-01","1990-01-01",NULL,"1990-01-01",NULL,,"1900-01-02"
"Abel Drive Lot 8   (3912)","1990-01-01","1990-01-01",NULL,"1990-01-01","1990-01-01","1990-01-01",NULL,"1990-01-01",NULL,,"1900-01-02"
"Brethren Villiage- Village Garden Apartments II","2006-04-13","2006-01-20","196","2006-04-13","1990-01-01","2006-06-01",NULL,"1990-01-01",NULL,,"1900-01-02"
"Fruitville Business Park Subdivision","1990-01-01","1990-01-01",NULL,"1990-01-01","1990-01-01","1990-01-01",NULL,"1990-01-01",NULL,,"1900-01-02"
"Parkfield - Phase 1","2003-10-23","2003-11-06","173","2003-12-01","2006-12-21","2003-10-27",NULL,"1990-01-01",NULL,,"1900-01-02"
"Mews at Homestead","1990-01-01","1990-01-01",NULL,"1990-01-01","1990-01-01","1990-01-01",NULL,"1990-01-01",NULL,,"1900-01-02"
"Village Grande @ Millers Run","1990-01-01","1990-01-01",NULL,"1990-01-01","1990-01-01","2006-07-12",NULL,"1990-01-01",NULL,,"1900-01-02"
"Brighton Commercial","1990-01-01","1990-01-01",NULL,"1990-01-01","1990-01-01","1990-01-01",NULL,"1990-01-01",NULL,,"1900-01-02"
"Penns Crossing","2005-01-24","1990-01-01","179","1990-01-01","2005-02-22","2005-02-02",NULL,"1990-01-01",NULL,,"1900-01-02"
"Farm on Quarry Road","2005-10-05","2005-09-22","191","2005-10-05","2005-09-22","2005-09-22",NULL,"1990-01-01",NULL,,"1900-01-02"
"Chaddsford Estates","1990-01-01","1990-01-01",NULL,"1990-01-01","1990-01-01","1990-01-01",NULL,NULL,NULL,,NULL
"Millstone Village (Hershey Mill East)","2005-08-09","2005-06-20","184","2005-08-09","1990-01-01","2005-07-11",NULL,"1990-01-01",NULL,,"1900-01-02"
"Manor Heights","2005-09-29","2005-08-12","189","2005-09-20","2005-09-20","2005-08-29","2","2005-08-15",NULL,,"1900-01-02"
"Landis Estates","2005-08-25","1990-01-01","190","2005-09-29","1990-01-01","2005-08-26",NULL,"1990-01-01",NULL,,"1900-01-02"
"Porter Tract (Meadow Run)","2005-05-23","1990-01-01","151","1990-01-01","1990-01-01","2005-05-20",NULL,"1990-01-01",NULL,,"1900-01-02"
"Windemere Place","1990-01-01","1990-01-01",NULL,"1990-01-01","1990-01-01","1990-01-01",NULL,"1990-01-01",NULL,,"1900-01-02"
"Woods Edge","1990-01-01","1990-01-01",NULL,"1990-01-01","1990-01-01","1990-01-01",NULL,"1990-01-01",NULL,,"1900-01-02"
"Twin Oaks Hollow","1990-01-01","1990-01-01",NULL,"1990-01-01","2004-12-22","2005-02-24",NULL,"1990-01-01",NULL,,"1900-01-02"
"Windsor Court","1990-01-01","1990-01-01",NULL,"1990-01-01","1990-01-01","1990-01-01",NULL,"1990-01-01",NULL,,"1900-01-02"
"Sunset Ridge 1","1990-01-01","1990-01-01",NULL,"1990-01-01","1990-01-01","1990-01-01",NULL,"1990-01-01",NULL,,"1900-01-02"
"Rosewood",NULL,NULL,NULL,NULL,NULL,NULL,NULL,NULL,NULL,,NULL
"Manor Oaks Remaining Lands Section 3","2005-12-22","1990-01-01","192","2006-01-27","1990-01-01","2006-01-19",NULL,"1990-01-01",NULL,,"1900-01-02"
"Westwood Green","2004-03-09","1990-01-01",NULL,"1990-01-01","1990-01-01","2004-02-16","3","1990-01-01",NULL,,"1900-01-02"
"Union Nation Bank- Gold Cafe","1990-01-01","1990-01-01",NULL,"1990-01-01","1990-01-01","1990-01-01",NULL,"1990-01-01",NULL,,"1900-01-02"
"DH Funk Lot 1","1990-01-01","1990-01-01",NULL,"1990-01-01","1990-01-01","1990-01-01",NULL,"1990-01-01",NULL,,"1900-01-02"
"Woods Edge Villas at Sutherland","1990-01-01","1990-01-01",NULL,"1990-01-01","1990-01-01","1990-01-01",NULL,"1990-01-01",NULL,,"1900-01-02"
"Rental Service Corporation","1990-01-01","1990-01-01",NULL,"1990-01-01","1990-01-01","1990-01-01",NULL,"1990-01-01",NULL,,"1900-01-02"
"Brethren Village-Fieldcrest Cottages Phase III","1990-01-01","2006-06-15",NULL,"1990-01-01","1990-01-01","2006-06-15",NULL,"1990-01-01",NULL,,"1900-01-02"
"Stonemill Estates","1990-01-01","1990-01-01",NULL,"1990-01-01","1990-01-01","1990-01-01",NULL,"1990-01-01",NULL,,"1900-01-02"
"Eastland Land Development Subdivision","2006-02-08","2006-01-13","194","2006-02-08","1990-01-01","2006-02-03",NULL,"1990-01-01",NULL,,"1900-01-02"
"Del Boca Vista","2008-03-11","1990-01-01",NULL,"1990-01-01","1990-01-01","1990-01-01",NULL,"1990-01-01","1234","4321","2009-09-08"
"Manor Blvd. Subdivision","1990-01-01","1990-01-01",NULL,"1990-01-01","1990-01-01","1990-01-01",NULL,"1990-01-01",NULL,,"1900-01-02"
"Knight, Bernice","1990-01-01","1990-01-01",NULL,"1990-01-01","1990-01-01","1990-01-01",NULL,"1990-01-01",NULL,,"1900-01-02"
"Penn Manor Comet Field","1990-01-01","1990-01-01",NULL,"1990-01-01","1990-01-01","2006-08-03",NULL,"1990-01-01",NULL,,"1900-01-02"
"Noll Drive Associates","2006-01-23","2006-01-23","193","2006-01-23","2006-02-06","2006-02-03",NULL,"1990-01-01",NULL,,"1900-01-02"
"Bantam Lane","2007-05-15","2007-04-17","209","2007-05-15","2007-05-02","2007-05-11",NULL,"1990-01-01",NULL,,"1900-01-02"
"Kline&#039s Services, Inc. - Residual Bldg.","1990-01-01","1990-01-01",NULL,"1990-01-01","1990-01-01","1990-01-01",NULL,"1990-01-01",NULL,,"1900-01-02"
"Page, Dave & Cindy","1990-01-01","1990-01-01",NULL,"1990-01-01","1990-01-01","1990-01-01",NULL,"1990-01-01",NULL,,"1900-01-02"
"Boshnaugle, Donald 202 Sylvan Retreat Road","1990-01-01","1990-01-01",NULL,"1990-01-01","1990-01-01","1990-01-01",NULL,"1990-01-01",NULL,,"1900-01-02"
"Hess 3868 Columbia Avenue - Commercial","1990-01-01","1990-01-01",NULL,"1990-01-01","1990-01-01","1990-01-01",NULL,"1990-01-01",NULL,,"1900-01-02"
"Jung, Gary A. - Lot Sub. - Stonehenge Dr.","1990-01-01","1990-01-01",NULL,"1990-01-01","1990-01-01","1990-01-01",NULL,"1990-01-01",NULL,,"1900-01-02"
"Southern Village Phase 2","2006-08-03","2006-06-12","200","2006-08-07","2006-07-07","2006-06-15",NULL,"1990-01-01",NULL,,"1900-01-02"
"Edington Place formerly Honeysuckle Lane Subdivision","2007-04-30","2006-11-10","208","2007-09-14","2006-11-13","2007-10-08",NULL,"1990-01-01",NULL,,"1900-01-02"
"Rettew - 3020 Associates Addition","1990-01-01","1990-01-01",NULL,"1990-01-01","1990-01-01","2011-01-20","2","1990-01-01",NULL,,"1900-01-02"
"It&#039s A Grind Coffee Shop","1990-01-01","1990-01-01",NULL,"1990-01-01","1990-01-01","1990-01-01",NULL,"1990-01-01",NULL,,"1900-01-02"
"Lausch Lane Lot 2","1990-01-01","1990-01-01",NULL,"1990-01-01","1990-01-01","1990-01-01",NULL,"1990-01-01",NULL,,"1900-01-02"
"Landings at Eagle Heights (Final Ph)","2007-02-22","2007-01-18","204","2007-03-13","2007-02-26","2007-01-23",NULL,"1990-01-01",NULL,,"1900-01-02"
"Hershey Mill Manor (Hershey Mill West)","2005-06-20","2005-06-20","188","2005-09-29","2005-09-22","2005-07-08",NULL,"1990-01-01",NULL,,"1900-01-02"
"Cedar Chase","1990-01-01","1990-01-01","186","1990-01-01","1990-01-01","1990-01-01",NULL,"1990-01-01",NULL,,"1900-01-02"
"Lancaster Toyota Mazda Collision Center","1990-01-01","1990-01-01",NULL,"1990-01-01","1990-01-01","1990-01-01",NULL,"1990-01-01",NULL,,"1900-01-02"
"Eagle Heights","2003-04-28","1990-01-01","169","2003-04-28","1990-01-01","1990-01-01",NULL,"1990-01-01",NULL,,"1900-01-02"
"MISCELLANEOUS PROJECT PERMITS","1990-01-01","1990-01-01",NULL,"1990-01-01","1990-01-01","1990-01-01",NULL,NULL,NULL,,NULL
"Cibo Pizza and Grille","1990-01-01","1990-01-01",NULL,"1990-01-01","1990-01-01","1990-01-01",NULL,"1990-01-01",NULL,,"1900-01-02"
"Lancaster General  Campus W&B and Rehab Hospital","1990-01-01","1990-01-01",NULL,"1990-01-01","1990-01-01","1990-01-01",NULL,"1990-01-01",NULL,,"1900-01-02"
"Lancaster General Campus Ambulatory Surgery Center","1990-01-01","1990-01-01",NULL,"1990-01-01","1990-01-01","2006-12-19",NULL,"1990-01-01",NULL,,"1900-01-02"
"Kissel Hill Commons Phase 3 - Final Phase","2005-09-29","2005-09-08","187","2005-09-29","2008-04-03","1990-01-01",NULL,"1990-01-01",NULL,,"1900-01-02"
"Parkridge","2006-05-08","2006-03-15","198","2006-05-08","2005-08-15","2006-03-22",NULL,"1990-01-01",NULL,,"1900-01-02"
"Commerce Bank - Golden Triangle","1990-01-01","1990-01-01",NULL,"1990-01-01","1990-01-01","1990-01-01",NULL,"1990-01-01",NULL,,"1900-01-02"
"Homewood Suites","1990-01-01","1990-01-01",NULL,"1990-01-01","1990-01-01","1990-01-01",NULL,"1990-01-01",NULL,,"1900-01-02"
"Walgreens - Golden Triangle","1990-01-01","1990-01-01",NULL,"1990-01-01","1990-01-01","1990-01-01",NULL,"1990-01-01",NULL,,"1900-01-02"
"65 Meadow Ln","1990-01-01","1990-01-01",NULL,"1990-01-01","1990-01-01","1990-01-01",NULL,"1990-01-01",NULL,,"1900-01-02"
"Jay Group - Stony Battery Corp Center","1990-01-01","1990-01-01",NULL,"1990-01-01","1990-01-01","2007-03-02",NULL,"1990-01-01",NULL,,"1900-01-02"
"Treztark II LTD (Stony Battery Commerce Ctr Ph 4)","1990-01-01","1990-01-01",NULL,"1990-01-01","1990-01-01","1990-01-01",NULL,"1990-01-01",NULL,,"1900-01-02"
"Jay Group (Stony Battery Corp Center Lot 11)","1990-01-01","1990-01-01",NULL,"1990-01-01","1990-01-01","1990-01-01",NULL,"1990-01-01",NULL,,"1900-01-02"
"Landale (formerly Landis Tract)","2004-11-02","1990-01-01","176","2004-11-02","1990-01-01","2004-09-15",NULL,"1990-01-01",NULL,,"1900-01-02"
"Veranda Phase 2 and 3","1990-01-01","1990-01-01","185","2005-08-15","1990-01-01","2005-08-29",NULL,"1990-01-01",NULL,,"1900-01-02"
"Sunset Ridge 2  (formerly Crescent Ridge / Beiler)","2007-04-05","2007-03-08","205","2007-04-05","2007-07-11","2008-08-06","2","1990-01-01",NULL,,"1900-01-02"
"Kissel Hill Commons - LOT #287 - Commercial","1990-01-01","1990-01-01",NULL,"1990-01-01","1990-01-01","1990-01-01",NULL,"1990-01-01",NULL,,"1900-01-02"
"Triple H Construction","1990-01-01","1990-01-01",NULL,"1990-01-01","1990-01-01","2007-01-22",NULL,"1990-01-01",NULL,,"1900-01-02"
"Manor Oaks Phase 1,2,3 and 3A","1990-01-01","1990-01-01",NULL,"1990-01-01","1990-01-01","1990-01-01",NULL,NULL,NULL,,NULL
"Veranda Phase 1","2004-03-26","1990-01-01","175","2004-03-26","2004-06-17","2004-05-04",NULL,"1990-01-01",NULL,,"1900-01-02"
"Pappas-2 lots (Dorsea Rd & Springvalley Rd)","1990-01-01","1990-01-01",NULL,"1990-01-01","1990-01-01","1990-01-01",NULL,"1990-01-01",NULL,,"1900-01-02"
"NGUYEN  Lot @ 1750 Sammar Rd","1990-01-01","1990-01-01",NULL,"1990-01-01","1990-01-01","1990-01-01",NULL,"1990-01-01",NULL,,"1900-01-02"
"1896 Millersville Rd Subdivision","1990-01-01","1990-01-01",NULL,"1990-01-01","1990-01-01","1990-01-01",NULL,"1990-01-01",NULL,,"1900-01-02"
"Fanelli, Gary - 12 Druid Circle lot","1990-01-01","1990-01-01",NULL,"1990-01-01","1990-01-01","1990-01-01",NULL,"1990-01-01",NULL,,"1900-01-02"
"Murry South Centerville Road Walmart","1990-01-01","1990-01-01",NULL,"1990-01-01","1990-01-01","1990-01-01",NULL,"1990-01-01",NULL,,"1900-01-02"
"Church of Jesus Christ of Latter-Day Saints","1990-01-01","1990-01-01",NULL,"1990-01-01","1990-01-01","2010-04-26","2","2010-04-22",NULL,,"1900-01-02"
"Brod, Roy lot @70 Valley Rd.","1990-01-01","1990-01-01",NULL,"1990-01-01","1990-01-01","1990-01-01",NULL,"1990-01-01",NULL,,"1900-01-02"
"Severn Tract","2006-03-23","2006-01-06","195","2006-03-23","2006-01-06","2006-03-22",NULL,"1990-01-01",NULL,,"1900-01-02"
"Parkfield - Phase 2","2007-01-25","2006-11-21","203","2007-01-29","2006-12-21","2006-11-29",NULL,"1990-01-01",NULL,,"1900-01-02"
"Bethel Commons","2007-04-27","2007-03-12","207","2007-04-27","2007-03-19","2007-03-15",NULL,"1990-01-01",NULL,,"1900-01-02"
"3050 Yellow Goose Rd - Office","1990-01-01","1990-01-01",NULL,"1990-01-01","1990-01-01","1990-01-01",NULL,"1990-01-01",NULL,,"1900-01-02"
"Hempfield Crossing Phase 1 (formerly Wissler Tract","2008-01-30","2008-01-30","215","2008-03-04","1990-01-01","2007-12-19","2","1990-01-01",NULL,,"1900-01-02"
"Blossom Hill Mennonite Church","1990-01-01","1990-01-01",NULL,"1990-01-01","1990-01-01","1990-01-01",NULL,"1990-01-01",NULL,,"1900-01-02"
"DeGeorge lot @ 1790 State St.","1990-01-01","1990-01-01",NULL,"1990-01-01","1990-01-01","1990-01-01",NULL,"1990-01-01",NULL,,"1900-01-02"
"DeGeorge lot @ 530 Garden Hill Lane","1990-01-01","1990-01-01",NULL,"1990-01-01","1990-01-01","1990-01-01",NULL,"1990-01-01",NULL,,"1900-01-02"
"Fairway Drive Subdivision","1990-01-01","1990-01-01",NULL,"1990-01-01","1990-01-01","1990-01-01",NULL,"1990-01-01",NULL,,"1900-01-02"
"Heisey, Michael - Apts @ 686 Bean Hill Rd.","1990-01-01","1990-01-01",NULL,"1990-01-01","1990-01-01","1990-01-01",NULL,"1990-01-01",NULL,,"1900-01-02"
"1015 Wheaton Dr. lot","1990-01-01","1990-01-01",NULL,"1990-01-01","1990-01-01","1990-01-01",NULL,"1990-01-01",NULL,,"1900-01-02"
"Tobacco Road Condos","1990-01-01","1990-01-01",NULL,"1990-01-01","1990-01-01","1990-01-01",NULL,"1990-01-01",NULL,,"1900-01-02"
"Ruby Tuesday Inc.","1990-01-01","1990-01-01",NULL,"1990-01-01","1990-01-01","1990-01-01",NULL,"1990-01-01",NULL,,"1900-01-02"
"Ritas Italian Ice","1990-01-01","1990-01-01",NULL,"1990-01-01","1990-01-01","1990-01-01",NULL,"1990-01-01",NULL,,"1900-01-02"
"Preserve at Silver Spring - Residential","1990-01-01","1990-01-01",NULL,"1990-01-01","1990-01-01","1990-01-01",NULL,"1990-01-01","235813","08071317","2009-11-19"
"Preserve at Silver Spring - Commercial","1990-01-01","2008-11-11",NULL,"1990-01-01","1990-01-01","2008-11-25","2","1990-01-01",NULL,,"1900-01-02"
"Broomell Residence (Spring Valley Rd.)","1990-01-01","1990-01-01",NULL,"1990-01-01","1990-01-01","1990-01-01",NULL,"1990-01-01",NULL,,"1900-01-02"
"Imperial Homes - 2774 Kreider Rd.","1990-01-01","1990-01-01",NULL,"1990-01-01","1990-01-01","1990-01-01",NULL,"1990-01-01",NULL,,"1900-01-02"
"Orthopedic Assoc - North Pointe","1990-01-01","1990-01-01",NULL,"1990-01-01","1990-01-01","2007-01-22",NULL,"1990-01-01",NULL,,"1900-01-02"
"Spring Haven","1990-01-01","1990-01-01",NULL,"1990-01-01","1990-01-01","1990-01-01",NULL,"1990-01-01",NULL,,"1900-01-02"
"730 Eden Road Office Bldg.","1990-01-01","1990-01-01",NULL,"1990-01-01","1990-01-01","1990-01-01","2","1990-01-01",NULL,,"1900-01-02"
"Calvary Church Expansion  (MHT)","1990-01-01","1990-01-01",NULL,"1990-01-01","1990-01-01","1990-01-01",NULL,"1990-01-01",NULL,,"1900-01-02"
"Bloomfield Village","1990-01-01","1990-01-01",NULL,"1990-01-01","1990-01-01","2007-01-30",NULL,"1990-01-01",NULL,,"1900-01-02"
"3816 Concordia Rd. (Dave Charles)","1990-01-01","1990-01-01",NULL,"1990-01-01","1990-01-01","1990-01-01",NULL,"1990-01-01",NULL,,"1900-01-02"
"Mariani - Office Bldg - 501 Rohrerstown Rd.","1990-01-01","1990-01-01",NULL,"1990-01-01","1990-01-01","1990-01-01",NULL,"1990-01-01",NULL,,"1900-01-02"
"Summit Hills - Portion of Phases 3 & 4","1990-01-01","1990-01-01",NULL,"1990-01-01","2007-02-26","1990-01-01",NULL,"1990-01-01",NULL,,"1900-01-02"
"F& M Athletic Field Restrooms","1990-01-01","1990-01-01",NULL,"1990-01-01","1990-01-01","1990-01-01",NULL,"1990-01-01",NULL,,"1900-01-02"
"Apria Healthcare Facility","1990-01-01","1990-01-01",NULL,"1990-01-01","1990-01-01","1990-01-01",NULL,"1990-01-01",NULL,,"1900-01-02"
"Autohouse of Lancaster","1990-01-01","1990-01-01",NULL,"1990-01-01","1990-01-01","2010-10-27","2","2010-05-07",NULL,,"1900-01-02"
"Binkley Ober 1501 Graystone Road","1990-01-01","1990-01-01",NULL,"1990-01-01","1990-01-01","1990-01-01",NULL,"1990-01-01",NULL,,"1900-01-02"
"Stauffers of Kissel Hill  (Rohrerstown Rd)","1990-01-01","1990-01-01",NULL,"1990-01-01","1990-01-01","1990-01-01","2","1990-01-01",NULL,,"1900-01-02"
"Bent Creek","1990-01-01","1990-01-01",NULL,"1990-01-01","1990-01-01","2008-09-18",NULL,"1990-01-01",NULL,,"1900-01-02"
"Brighton Residential","1990-01-01","1990-01-01",NULL,"1990-01-01","1990-01-01","1990-01-01",NULL,"1990-01-01",NULL,,"1900-01-02"
"Chadwyck Estates","1990-01-01","1990-01-01",NULL,"1990-01-01","1990-01-01","1990-01-01",NULL,"1990-01-01",NULL,,NULL
"Kissel Hill Commons - LOT #287 - Residential","1990-01-01","1990-01-01",NULL,"1990-01-01","1990-01-01","1990-01-01",NULL,"1990-01-01",NULL,,"1900-01-02"
"Laurel Pond (Milton Estates)","1990-01-01","1990-01-01",NULL,"1990-01-01","1990-01-01","1990-01-01",NULL,"1990-01-01",NULL,,"1900-01-02"
"Mondamin Farm","1990-01-01","1990-01-01",NULL,"1990-01-01","1990-01-01","1990-01-01",NULL,"1990-01-01",NULL,,NULL
"Oldefield","1990-01-01","1990-01-01",NULL,"1990-01-01","1990-01-01","1990-01-01",NULL,NULL,NULL,,NULL
"Stonehenge","1990-01-01","1990-01-01",NULL,"1990-01-01","1990-01-01","1990-01-01",NULL,"1990-01-01",NULL,,NULL
"Wellesley Manor","1990-01-01","1990-01-01",NULL,"1990-01-01","1990-01-01","1990-01-01",NULL,NULL,NULL,,NULL
"Willowbend Estates","1990-01-01","1990-01-01",NULL,"1990-01-01","1990-01-01","1990-01-01",NULL,"1990-01-01",NULL,,"1900-01-02"
"Golden Triangle Apartments","1990-01-01","2005-12-01",NULL,"1990-01-01","1990-01-01","1990-01-01",NULL,"1990-01-01",NULL,,"1900-01-02"
"Manheim Township High School","1990-01-01","1990-01-01",NULL,"1990-01-01","2009-02-09","1990-01-01",NULL,"1990-01-01",NULL,,"1900-01-02"
"Sylvan Retreat Road Lots","2007-11-08","1990-01-01","212","1990-01-01","2007-11-15","1990-01-01",NULL,"1990-01-01",NULL,,"1900-01-02"
"Roseville Realty Co.","2009-04-24","2009-05-04","234","1990-01-01","2012-02-07","2012-01-17","2","2011-12-19",NULL,,"1900-01-02"
"329 East New St. lot - Mountville","1990-01-01","1990-01-01",NULL,"1990-01-01","1990-01-01","1990-01-01",NULL,"1990-01-01",NULL,,"1900-01-02"
"331 East New St. lot - Mountville","1990-01-01","1990-01-01",NULL,"1990-01-01","1990-01-01","1990-01-01",NULL,"1990-01-01",NULL,,"1900-01-02"
"Stoltzfus, Benuel Subdivision - Farmdale Rd","1990-01-01","1990-01-01",NULL,"1990-01-01","1990-01-01","1990-01-01",NULL,"1990-01-01",NULL,,"1900-01-02"
"Airport Industrial Park - Lot 33","1990-01-01","2007-09-19",NULL,"1990-01-01","2007-12-28","2007-10-22",NULL,"1990-01-01",NULL,,"1900-01-02"
"Lincoln West Apts - Temporary Trailers","1990-01-01","1990-01-01",NULL,"1990-01-01","1990-01-01","1990-01-01",NULL,"1990-01-01",NULL,,"1900-01-02"
"Hempfield Hill Estates","1990-01-01","1990-01-01",NULL,"1990-01-01","1990-01-01","1990-01-01",NULL,"1990-01-01",NULL,,"1900-01-02"
"Eshelman Trust Lot - 145 Weaver Rd","1990-01-01","1990-01-01",NULL,"1990-01-01","2007-05-21","1990-01-01",NULL,"1990-01-01",NULL,,"1900-01-02"
"Hempfield Commons - Residential","1990-01-01","1990-01-01",NULL,"1990-01-01","1990-01-01","2008-06-24","2","1990-01-01",NULL,,"1900-01-02"
"Fruitville Day Care Center","1990-01-01","1990-01-01",NULL,"1990-01-01","1990-01-01","2007-10-05",NULL,"1990-01-01",NULL,,"1900-01-02"
"Sarsen Drive","1990-01-01","1990-01-01",NULL,"1990-01-01","2006-01-04","1990-01-01",NULL,"1990-01-01",NULL,,"1900-01-02"
"17 Roselawn Avenue","1990-01-01","1990-01-01",NULL,"1990-01-01","1990-01-01","1990-01-01",NULL,"1990-01-01",NULL,,"1900-01-02"
"Hempfield Commons - Commercial","1990-01-01","1990-01-01",NULL,"1990-01-01","1990-01-01","2008-06-24","2","1990-01-01",NULL,,"1900-01-02"
"Tingley Lot - 781 Prospect Rd","1990-01-01","1990-01-01",NULL,"1990-01-01","1990-01-01","1990-01-01",NULL,"1990-01-01",NULL,,"1900-01-02"
"Kissel Hill Commons - LOT #308 Community Bldg","1990-01-01","1990-01-01",NULL,"1990-01-01","1990-01-01","1990-01-01",NULL,"1990-01-01",NULL,,"1900-01-02"
"Kleine Property","1990-01-01","1990-01-01",NULL,"1990-01-01","1990-01-01","1990-01-01",NULL,"1990-01-01",NULL,,"1900-01-02"
"1632 Temple Ave (Dave Charles lot)","1990-01-01","1990-01-01",NULL,"1990-01-01","1990-01-01","1990-01-01",NULL,"1990-01-01",NULL,,"1900-01-02"
"Blank, John Lot @ 260 Lania Drive","1990-01-01","1990-01-01",NULL,"1990-01-01","1990-01-01","1990-01-01",NULL,"1990-01-01",NULL,,"1900-01-02"
"Brethren Village - Covenant Crossing","1990-01-01","1990-01-01",NULL,"1990-01-01","1990-01-01","2007-12-13",NULL,"1990-01-01",NULL,,"1900-01-02"
"3296 Marietta Ave (Carol A Wile)","1990-01-01","1990-01-01",NULL,"1990-01-01","1990-01-01","1990-01-01",NULL,"1990-01-01",NULL,,"1900-01-02"
"Independence Residential","1990-01-01","1990-01-01",NULL,"1990-01-01","1990-01-01","1990-01-01",NULL,"1990-01-01",NULL,,"1900-01-02"
"Independence Commercial","1990-01-01","1990-01-01",NULL,"1990-01-01","1990-01-01","1990-01-01",NULL,NULL,NULL,,NULL
"Bradford Run","1990-01-01","1990-01-01",NULL,"1990-01-01","1990-01-01","1990-01-01",NULL,NULL,NULL,,NULL
"K & W Tire","1990-01-01","1990-01-01",NULL,"1990-01-01","1990-01-01","1990-01-01",NULL,"1990-01-01",NULL,,"1900-01-02"
"LIFT INC","1990-01-01","2007-11-26",NULL,"1990-01-01","1990-01-01","2007-10-25",NULL,"1990-01-01",NULL,,"1900-01-02"
"64 Elizabeth St Landisville","1990-01-01","1990-01-01",NULL,"1990-01-01","1990-01-01","1990-01-01",NULL,"1990-01-01",NULL,,"1900-01-02"
"Highland Presbyterian Church Add. & Renovations","1990-01-01","1990-01-01",NULL,"1990-01-01","1990-01-01","1990-01-01",NULL,"1990-01-01",NULL,,"1900-01-02"
"Towne Centre at Wetherburn - Commercial","2007-10-11","2007-10-11","213","2007-11-26","2007-11-15","2007-10-11",NULL,"1990-01-01",NULL,,"1900-01-02"
"Moore Business Park","2010-09-16","2010-09-16",NULL,"1990-01-01","1990-01-01","2010-09-21","2","2010-09-15",NULL,,"1900-01-02"
"Sauder Tract Final Subdivision","1990-01-01","1990-01-01",NULL,"1990-01-01","1990-01-01","1990-01-01","2","1990-01-01",NULL,,"1900-01-02"
"City of Lancaster Susquehanna WTP","1990-01-01","1990-01-01",NULL,"1990-01-01","1990-01-01","2009-11-10","2","1990-01-01",NULL,,"1900-01-02"
"Marietta Ave Apartments (Gehman)","1990-01-01","1990-01-01",NULL,"1990-01-01","1990-01-01","1990-01-01","2","1990-01-01",NULL,,"1900-01-02"
"Crossings at Conestoga Creek (The)","1990-01-01","1990-01-01",NULL,"1990-01-01","1990-01-01","1990-01-01",NULL,"1990-01-01",NULL,,"1900-01-02"
"Brekland Subdivision","1990-01-01","1990-01-01",NULL,"1990-01-01","1990-01-01","1990-01-01",NULL,"1990-01-01",NULL,,"1900-01-02"
"Herr, Christopher @ 182 Buch Avenue","1990-01-01","1990-01-01",NULL,"1990-01-01","1990-01-01","1990-01-01",NULL,"1990-01-01",NULL,,"1900-01-02"
"Brighton Commercial - Lot 87","2008-03-10","1990-01-01",NULL,"1990-01-01","1990-01-01","1990-01-01","2","1990-01-01",NULL,,"1900-01-02"
"Woods Edge Phase 2 Section 4","2003-07-14","2003-06-12","229","2010-11-01","2010-05-11","1990-01-01","2","2010-10-11",NULL,,"1900-01-02"
"Montessori Academy Additions","1990-01-01","1990-01-01",NULL,"1990-01-01","1990-01-01","1990-01-01",NULL,"1990-01-01",NULL,,"1900-01-02"
"Newell, Elizabeth 1676 New Holland Pike","1990-01-01","1990-01-01",NULL,"1990-01-01","2007-10-05","1990-01-01",NULL,"1990-01-01",NULL,,"1900-01-02"
"CarMax Store #7233","2008-07-10","2008-07-23","217","2008-07-28","2008-07-15","2008-07-23","2","1990-01-01","285157","08069638","2011-08-19"
"Towne Centre at Wetherburn - Residential","1990-01-01","1990-01-01",NULL,"1990-01-01","1990-01-01","1990-01-01",NULL,"1990-01-01",NULL,,"1900-01-02"
"2257 Lititz Pk Subdivision (Harris Tract)","1990-01-01","1990-01-01",NULL,"1990-01-01","2008-11-18","1990-01-01","2","1990-01-01",NULL,,"1900-01-02"
"216 Ironstone Ridge Rd. Subdivision","1990-01-01","1990-01-01",NULL,"1990-01-01","1990-01-01","1990-01-01",NULL,"1990-01-01",NULL,,"1900-01-02"
"3790 Marietta Avenue-David Kline 1 Lot Subdivision","1990-01-01","1990-01-01",NULL,"1990-01-01","1990-01-01","1990-01-01",NULL,"1990-01-01",NULL,,"1900-01-02"
"Mennonite Home Renovations","1990-01-01","1990-01-01",NULL,"1990-01-01","1990-01-01","1990-01-01",NULL,"1990-01-01",NULL,,"1900-01-02"
"Stonehenge Reserve PHASE 1","2010-05-20","2010-05-21","227","2010-09-30","2009-11-19","2010-09-29","2","2009-04-22",NULL,,"1900-01-02"
"Park Plaza Hotel - Renovations","1990-01-01","1990-01-01",NULL,"1990-01-01","1990-01-01","1990-01-01",NULL,"1990-01-01",NULL,,"1900-01-02"
"John R Shaeffer Inc (DBA Exxon Carwash)","1990-01-01","1990-01-01",NULL,"1990-01-01","1990-01-01","1990-01-01",NULL,"1990-01-01",NULL,,"1900-01-02"
"Springbrook Annex Subdivision","2009-04-20","2009-05-05","220","2009-06-01","2009-05-07","2009-05-11","2","1990-01-01",NULL,,"1900-01-02"
"Haydn Manor Phase 1","2009-06-17","2009-07-16","221","2009-07-16","1990-01-01","2009-07-15","2","2009-06-25",NULL,,"1900-01-02"
"Papetti Holding Co Tract","1990-01-01","1990-01-01",NULL,"1990-01-01","1990-01-01","1990-01-01",NULL,"1990-01-01",NULL,,"1900-01-02"
"1111 Erbs Quarry Road (Paul Brown)","2008-02-29","2008-03-17","216","2008-04-02","2008-04-02","2008-04-09","2","1990-01-01",NULL,,"1900-01-02"
"Hempfield Crossing Phase 2","2010-03-09","2010-03-09","225","2010-04-01","1990-01-01","2009-08-12","2","2010-03-11",NULL,,"1900-01-02"
"Parkfield - Phase 3","2009-10-08","1990-01-01","221","2009-12-04","1990-01-01","1990-01-01","2","2009-10-08",NULL,,"1900-01-02"
"Old Delp Road Drainage Improvements","1990-01-01","1990-01-01",NULL,"1990-01-01","1990-01-01","1990-01-01",NULL,"1990-01-01",NULL,,"1900-01-02"
"Laurelfield","1990-01-01","1990-01-01",NULL,"1990-01-01","1990-01-01","1990-01-01",NULL,"1990-01-01",NULL,,"1900-01-02"
"RLPS Architects Office Bldg","2011-09-15","2011-10-05","232","2011-11-08","2011-10-03","2011-10-26","2","2011-09-15",NULL,,"1900-01-02"
"Nolt, Frank (lot @ 1023 Fruitville Pk)","1990-01-01","1990-01-01",NULL,"1990-01-01","2008-08-25","1990-01-01",NULL,"1990-01-01",NULL,,"1900-01-02"
"Bucher Elementary School addition","1990-01-01","2009-01-22",NULL,"1990-01-01","1990-01-01","1990-01-01","2","2009-01-22",NULL,,"1900-01-02"
"1219 Stevens St - from Septic to Sewer","1990-01-01","1990-01-01",NULL,"1990-01-01","1990-01-01","1990-01-01",NULL,"1990-01-01",NULL,,"1900-01-02"
"Bent Creek Tennis Court / Pro Shop","1990-01-01","1990-01-01",NULL,"1990-01-01","1990-01-01","2008-09-19",NULL,"1990-01-01",NULL,,"1900-01-02"
"Newcomer, Earl & Ruth Subdivision","1990-01-01","1990-01-01",NULL,"1990-01-01","1990-01-01","1990-01-01",NULL,"1990-01-01",NULL,,"1900-01-02"
"Kline&#039s Services, Inc. - Office Building","1990-01-01","1990-01-01",NULL,"1990-01-01","1990-01-01","1990-01-01",NULL,"1990-01-01",NULL,,"1900-01-02"
"Brethren Village Maintenance Bldg on east side","1990-01-01","1990-01-01",NULL,"1990-01-01","1990-01-01","1990-01-01",NULL,"1990-01-01",NULL,,"1900-01-02"
"Cheswicke Towne Center - Commercial","1990-01-01","1990-01-01",NULL,"1990-01-01","1990-01-01","1990-01-01",NULL,"1990-01-01",NULL,,"1900-01-02"
"Kline&#039s Services, Inc. - Food to Fuel Building","1990-01-01","1990-01-01",NULL,"1990-01-01","1990-01-01","1990-01-01",NULL,"1990-01-01",NULL,,"1900-01-02"
"Lancaster General Focused Expansion at Women & Babies Hospital","1990-01-01","1990-01-01",NULL,"1990-01-01","1990-01-01","1990-01-01","2","1990-01-01",NULL,,"1900-01-02"
"Hess 3868 Columbia Avenue - Residential","1990-01-01","1990-01-01",NULL,"1990-01-01","1990-01-01","1990-01-01",NULL,"1990-01-01",NULL,,"1900-01-02"
"Worthington (Rockview) Subdivision - Commercial","1990-01-01","1990-01-01",NULL,"1990-01-01","1990-01-01","2011-05-09","3","2011-05-16",NULL,,"1900-01-02"
"Young, Steven & Jennifer","1990-01-01","1990-01-01",NULL,"1990-01-01","1990-01-01","1990-01-01",NULL,"1990-01-01",NULL,,NULL
"Dairy Road Site Subdivision","1990-01-01","1990-01-01",NULL,"1990-01-01","1990-01-01","1990-01-01",NULL,"1990-01-01",NULL,,"1900-01-02"
"Penn Cinema Expansion","1990-01-01","1990-01-01",NULL,"1990-01-01","1990-01-01","1990-01-01",NULL,"1990-01-01",NULL,,"1900-01-02"
"Cheswicke Towne Center - Residential","1990-01-01","1990-01-01",NULL,"1990-01-01","1990-01-01","1990-01-01",NULL,"1990-01-01",NULL,,"1900-01-02"
"1573 Linden Ave Lot","1990-01-01","1990-01-01",NULL,"1990-01-01","1990-01-01","1990-01-01",NULL,"1990-01-01",NULL,,"1900-01-02"
"Miller J.A. & W.N. Family Limited Partnership","1990-01-01","1990-01-01",NULL,"1990-01-01","1990-01-01","1990-01-01",NULL,"1990-01-01",NULL,,"1900-01-02"
"Wheatland Federal Credit Union","1990-01-01","1990-01-01",NULL,"1990-01-01","1990-01-01","1990-01-01",NULL,"1990-01-01",NULL,,"1900-01-02"
"Granite Run Town Center","1990-01-01","1990-01-01",NULL,"1990-01-01","1990-01-01","1990-01-01","3","1990-01-01",NULL,,"1900-01-02"
"Marietta Ave 2 Existing Dwellings to Connect (3212 & 3228 Marietta Ave)","1990-01-01","1990-01-01",NULL,"1990-01-01","2009-02-05","1990-01-01",NULL,"1990-01-01",NULL,,"1900-01-02"
"141 Manor Church Rd & 2 Sparrow Ln","1990-01-01","1990-01-01","219","1990-01-01","2008-09-29","2008-08-26","3","1990-01-01",NULL,,"1900-01-02"
"Garber Scale & Calibration","1990-01-01","1990-01-01",NULL,"1990-01-01","1990-01-01","2009-08-03","2","1990-01-01",NULL,,"1900-01-02"
"Overlook Park Golf Maintenance Bldg","1990-01-01","1990-01-01",NULL,"1990-01-01","1990-01-01","2009-02-18",NULL,"1990-01-01",NULL,,"1900-01-02"
"Moove In Storage","1990-01-01","1990-01-01",NULL,"1990-01-01","1990-01-01","1990-01-01",NULL,"1990-01-01",NULL,,"1900-01-02"
"Alpha Charlie Hangar","1990-01-01","1990-01-01",NULL,"1990-01-01","1990-01-01","1990-01-01","2","1990-01-01",NULL,,"1900-01-02"
"Norfolk Southern Dillerville Yard East @ F&M College","1990-01-01","1990-01-01",NULL,"1990-01-01","1990-01-01","2013-07-19","2","2013-08-06","31072","08083651","2014-06-03"
"The Village at Funk&#039s Farm - Residential","1990-01-01","1990-01-01",NULL,"1990-01-01","1990-01-01","1990-01-01",NULL,"1990-01-01",NULL,,"1900-01-02"
"The Village at Funk&#039s Farm - Commercial","1990-01-01","1990-01-01",NULL,"1990-01-01","1990-01-01","1990-01-01",NULL,"1990-01-01",NULL,,"1900-01-02"
"West Hempfield Fire & Rescue New Emergency Services Complex","1990-01-01","1990-01-01",NULL,"1990-01-01","1990-01-01","1990-01-01",NULL,"1990-01-01","235622","08072308","2011-02-08"
"Providence Heights","1990-01-01","1990-01-01",NULL,"1990-01-01","1990-01-01","1990-01-01",NULL,"1990-01-01",NULL,,"1900-01-02"
"LCSWMA Parcel Remediation Temporary Sewer Connection","1990-01-01","1990-01-01",NULL,"1990-01-01","1990-01-01","1990-01-01",NULL,"1990-01-01",NULL,,"1900-01-02"
"Danz Property @ 311 E. Oregon Rd.","1990-01-01","1990-01-01",NULL,"1990-01-01","1990-01-01","1990-01-01",NULL,"1990-01-01",NULL,,"1900-01-02"
"The Oaks II","1990-01-01","1990-01-01",NULL,"1990-01-01","1990-01-01","1990-01-01",NULL,"1990-01-01",NULL,,"1900-01-02"
"Long, David @ 525 Koser Rd - Septic to Sewer","1990-01-01","1990-01-01",NULL,"1990-01-01","1990-01-01","1990-01-01",NULL,"1990-01-01",NULL,,"1900-01-02"
"Manheim Township Library","1990-01-01","1990-01-01",NULL,"1990-01-01","1990-01-01","1990-01-01","2","1990-01-01",NULL,,"1900-01-02"
"Stauffer Park New Restroom Facility","1990-01-01","1990-01-01",NULL,"1990-01-01","1990-01-01","1990-01-01",NULL,"1990-01-01",NULL,,"1900-01-02"
"2363 Oregon Pike","2010-01-22","2010-01-22","223","2010-03-04","2010-03-03","2010-02-01","2","2010-01-29","271628","08073151","2010-05-31"
"Lancaster Contact Lens Inc","1990-01-01","1990-01-01",NULL,"1990-01-01","1990-01-01","1990-01-01",NULL,"1990-01-01",NULL,,"1900-01-02"
"Giant Food Store #39 @ Lancaster Shopping Center","1990-01-01","1990-01-01",NULL,"1990-01-01","1990-01-01","2010-03-23","2","2010-03-15",NULL,,"1900-01-02"
"Diller Tract 2009 aka Landon Way Commons","2011-01-14","2011-01-14","230","2011-02-08","2011-02-04","2011-02-02","2","2011-01-14","238318","08075533","2012-05-15"
"Prospect Ultra Wash","1990-01-01","1990-01-01",NULL,"1990-01-01","2009-08-27","2009-09-08",NULL,"1990-01-01",NULL,,"1900-01-02"
"D & B PROPERTIES","1990-01-01","1990-01-01",NULL,"1990-01-01","1990-01-01","2010-04-12",NULL,"1990-01-01",NULL,,"1900-01-02"
"Landis Homes - South Campus","1990-01-01","1990-01-01",NULL,"1990-01-01","1990-01-01","2009-10-21","2","2009-10-01",NULL,,"1900-01-02"
"Celebrate Life Christian Church","1990-01-01","1990-01-01",NULL,"1990-01-01","1990-01-01","1990-01-01","2","1990-01-01",NULL,,"1900-01-02"
"Long Community at Highland Phase 1 Bldgs 2 & 3B","2010-10-15","2010-10-15","228","2010-11-02","2010-10-15","2010-10-19","3","2010-10-18",NULL,,"1900-01-02"
"Crossway Church of Lancaster","1990-01-01","2011-09-02",NULL,"1990-01-01","1990-01-01","2011-10-03","2","2011-09-15",NULL,"M2011-41","2011-12-30"
"Cox - Detached Garage Bathroom","1990-01-01","1990-01-01",NULL,"1990-01-01","1990-01-01","1990-01-01",NULL,"1990-01-01",NULL,,"1900-01-02"
"Moore Business Park Existing Bldg Septic to Sewer","1990-01-01","1990-01-01",NULL,"1990-01-01","1990-01-01","1990-01-01",NULL,"1990-01-01",NULL,,"1900-01-02"
"Shakespeare Enterprises Expansion","1990-01-01","1990-01-01",NULL,"1990-01-01","1990-01-01","1990-01-01",NULL,"1990-01-01",NULL,,"1900-01-02"
"Village Commons","1990-01-01","1990-01-01",NULL,"1990-01-01","1990-01-01","2009-08-14","2","2009-08-13",NULL,,"1900-01-02"
"Campus Plaza LLC","1990-01-01","1990-01-01",NULL,"1990-01-01","1990-01-01","1990-01-01",NULL,"1990-01-01",NULL,,"1900-01-02"
"Mennonite Disaster Service","1990-01-01","1990-01-01",NULL,"1990-01-01","1990-01-01","2010-04-12","2","2009-11-17","208034","08074447","2010-11-17"
"Country Manor Apartments","2010-03-15","2010-03-15","224","2010-04-01","2010-03-24","1990-01-01","2","2010-03-16",NULL,,"1900-01-02"
"1500 Sunset Ave Lancaster Dave Costello Lot","1990-01-01","1990-01-01",NULL,"1990-01-01","2009-09-29","1990-01-01",NULL,"1990-01-01",NULL,,"1900-01-02"
"Homestead Village Expansion","1990-01-01","1990-01-01",NULL,"1990-01-01","1990-01-01","1990-01-01","2","1990-01-01",NULL,,"1900-01-02"
"Centerville Square - Edward Jones Store","1990-01-01","1990-01-01",NULL,"1990-01-01","1990-01-01","1990-01-01",NULL,"1990-01-01",NULL,,"1900-01-02"
"Brethren Village Business Center Lot 2","1990-01-01","1990-01-01",NULL,"1990-01-01","1990-01-01","1990-01-01",NULL,"1990-01-01",NULL,,"1900-01-02"
"Stadel Volvo expansion","1990-01-01","1990-01-01",NULL,"1990-01-01","1990-01-01","1990-01-01","2","2010-03-23",NULL,,"1900-01-02"
"Golden Meadows Park","1990-01-01","1990-01-01",NULL,"1990-01-01","1990-01-01","2009-12-18","2","2009-12-09",NULL,,"1900-01-02"
"Luong Residence - Hess Blvd.","1990-01-01","1990-01-01",NULL,"1990-01-01","1990-01-01","1990-01-01",NULL,"1990-01-01",NULL,,"1900-01-02"
"26 Hess Blvd - Dave Costello lot","1990-01-01","1990-01-01",NULL,"1990-01-01","2011-11-18","1990-01-01",NULL,"1990-01-01",NULL,,"1900-01-02"
"Eden Resort Inn & Suites - Club Suite #6","1990-01-01","1990-01-01",NULL,"1990-01-01","1990-01-01","1990-01-01",NULL,"1990-01-01",NULL,,"1900-01-02"
"Ponessa Medical Massage Center","1990-01-01","1990-01-01",NULL,"1990-01-01","1990-01-01","2010-03-29","2","2010-05-07",NULL,,"1900-01-02"
"Lancaster Toyota Mazda Subdivision","1990-01-01","1990-01-01",NULL,"1990-01-01","1990-01-01","1990-01-01",NULL,"1990-01-01",NULL,,"1900-01-02"
"Central Manor Elementary School additions","1990-01-01","1990-01-01",NULL,"1990-01-01","1990-01-01","2010-08-03","2","2010-08-02",NULL,,"1900-01-02"
"Fulton Bank at Granite Run - Demo & Rebuild","1990-01-01","2010-09-14",NULL,"1990-01-01","1990-01-01","2010-09-16","3","2010-09-13",NULL,,"1900-01-02"
"Hogan & Herr Bldrs / 152 Buch Ave Lot Subdivide","1990-01-01","1990-01-01",NULL,"1990-01-01","2013-05-28","2013-06-13","3","2013-05-09",NULL,,"1900-01-02"
"638 Bean Hill Rd Lot - Kauffman","1990-01-01","1990-01-01",NULL,"1990-01-01","1990-01-01","1990-01-01",NULL,"1990-01-01",NULL,,"1900-01-02"
"Dunkin Donuts - East Petersburg","1990-01-01","1990-01-01",NULL,"1990-01-01","1990-01-01","2009-12-22",NULL,"1990-01-01",NULL,,"1900-01-02"
"Grandview Subdivision Phase 1","2013-01-10","2013-01-10","238","2013-01-28","2013-01-10","2013-01-22","3","2013-05-20",NULL,,"1900-01-02"
"Millers Greenhouses - Septic to Sewer","1990-01-01","1990-01-01",NULL,"1990-01-01","1990-01-01","1990-01-01",NULL,"1990-01-01","273874","08074673","2010-12-28"
"Integrity Bank - 1683 Oregon Pike Site","1990-01-01","1990-01-01",NULL,"1990-01-01","1990-01-01","2010-05-24","2","2010-05-24",NULL,,"1900-01-02"
"Snyder Funeral Home - Building Expansion","1990-01-01","1990-01-01",NULL,"1990-01-01","1990-01-01","2010-03-22","2","2010-05-25",NULL,,"1900-01-02"
"Diener Lot - 12 Spruce Rd Mountville","1990-01-01","1990-01-01",NULL,"1990-01-01","1990-01-01","1990-01-01",NULL,"1990-01-01",NULL,,"1900-01-02"
"State Farm Office Bldg Expansion","1990-01-01","1990-01-01",NULL,"1990-01-01","1990-01-01","1990-01-01",NULL,"1990-01-01",NULL,,"1900-01-02"
"Secker, Andrew property","1990-01-01","1990-01-01",NULL,"1990-01-01","1990-01-01","2010-04-12",NULL,"1990-01-01",NULL,,"1900-01-02"
"Spring Haven - New Plan 2010","2010-09-10","2010-09-10","226","2010-09-30","2010-09-29","2010-09-28","3","2010-09-10",NULL,,"1900-01-02"
"Integrity Gas Station @ existing car wash","1990-01-01","1990-01-01",NULL,"1990-01-01","1990-01-01","2010-08-18","2","2010-08-18",NULL,,"1900-01-02"
"Integrity Bank @ existing gas station","1990-01-01","1990-01-01",NULL,"1990-01-01","1990-01-01","2010-08-16","2","2010-08-05",NULL,,"1900-01-02"
"Manheim Twp School District Landis Run Intermediate School (formerly called 5&6 grade bldg)","1990-01-01","1990-01-01",NULL,"1990-01-01","1990-01-01","2011-01-03","3","2011-01-03",NULL,,"1900-01-02"
"Burkkolder, Al - 707 Petersburg Rd - Septic to Sewer","1990-01-01","1990-01-01",NULL,"1990-01-01","1990-01-01","2010-07-21","3","1990-01-01",NULL,,"1900-01-02"
"Metro Bank Airport Rd c/o Brethren Village","1990-01-01","1990-01-01",NULL,"1990-01-01","1990-01-01","1990-01-01","2","1990-01-01",NULL,,"1900-01-02"
"Penn Cinema Management Co. - Addition-IMAX","1990-01-01","1990-01-01",NULL,"1990-01-01","1990-01-01","2010-07-13","2","2010-07-09",NULL,,"1900-01-02"
"Brooklawn Subdivision - PHASE 1","2013-01-11","2013-01-11","239","2013-01-28","2013-01-11","2013-02-12","3","2013-01-11",NULL,,"1900-01-02"
"Forrys Country Store Expansion","1990-01-01","1990-01-01",NULL,"1990-01-01","1990-01-01","1990-01-01","2","2010-07-09",NULL,,"1900-01-02"
"Elmwood Partners Ltd Subdivision","1990-01-01","1990-01-01",NULL,"1990-01-01","1990-01-01","1990-01-01",NULL,"1990-01-01",NULL,,"1900-01-02"
"1514 Sunset Ave Lancaster Lot Hogan Residential","1990-01-01","1990-01-01",NULL,"1990-01-01","1990-01-01","1990-01-01",NULL,"1990-01-01",NULL,,"1900-01-02"
"Goss, Jeff 1717 Marietta Ave Septic to Sewer","1990-01-01","1990-01-01",NULL,"1990-01-01","2010-04-06","1990-01-01",NULL,"1990-01-01",NULL,,"1900-01-02"
"Summit Hills Lot 153 Section 4 Revised","1990-01-01","1990-01-01",NULL,"1990-01-01","1990-01-01","1990-01-01",NULL,"1990-01-01",NULL,,"1900-01-02"
"Diffenderfer Family Trust 3558-3560 Marietta Ave Apts - septic to sewer","1990-01-01","1990-01-01",NULL,"1990-01-01","1990-01-01","1990-01-01",NULL,"1990-01-01",NULL,,"1900-01-02"
"Faulkner BMW","1990-01-01","1990-01-01",NULL,"1990-01-01","1990-01-01","2011-01-10","3","2010-07-28",NULL,,"1900-01-02"
"Yellow Freight Site - Rohrerstown Rd","1990-01-01","1990-01-01",NULL,"1990-01-01","1990-01-01","1990-01-01",NULL,"1990-01-01",NULL,,"1900-01-02"
"St. Anne&#039s Retirement Community","1990-01-01","1990-01-01",NULL,"1990-01-01","1990-01-01","1990-01-01","2","1990-01-01",NULL,,"1900-01-02"
"Kleinsasser Subdivision - 1164 Erbs Quarry Rd","1990-01-01","1990-01-01",NULL,"1990-01-01","1990-01-01","1990-01-01","3","1990-01-01",NULL,,"1900-01-02"
"Kline&#039s Services, Inc. -  Office Relocation","1990-01-01","1990-01-01",NULL,"1990-01-01","1990-01-01","1990-01-01",NULL,"1990-01-01",NULL,,"1900-01-02"
"Sycamore Builders - lot @ 915 Shreiner Ave","1990-01-01","1990-01-01",NULL,"1990-01-01","1990-01-01","1990-01-01",NULL,"1990-01-01",NULL,,"1900-01-02"
"351 Richardson LP Site Improvements","1990-01-01","1990-01-01",NULL,"1990-01-01","1990-01-01","1990-01-01","2","2010-10-04",NULL,,"1900-01-02"
"391 Apple Lane Lot","1990-01-01","1990-01-01",NULL,"1990-01-01","1990-01-01","2010-10-27","2","2010-08-10",NULL,,"1900-01-02"
"Millwood Homes lot @ 2323 Louxmont Dr","1990-01-01","1990-01-01",NULL,"1990-01-01","1990-01-01","1990-01-01",NULL,"1990-01-01",NULL,,"1900-01-02"
"Millwood Homes lot @ 50 Ginko Ct","1990-01-01","1990-01-01",NULL,"1990-01-01","1990-01-01","1990-01-01",NULL,"1990-01-01",NULL,,"1900-01-02"
"PPL Lancaster Washbay Addition","1990-01-01","1990-01-01",NULL,"1990-01-01","1990-01-01","2010-10-27",NULL,"1990-01-01",NULL,,"1900-01-02"
"Veranda Phase 4","2011-02-09","2011-02-09","231","2011-02-25","1990-01-01","2011-02-09","2","2011-02-09",NULL,,"1900-01-02"
"Rybner, Jacob Lot @ 231 Old Delp Rd","1990-01-01","1990-01-01",NULL,"1990-01-01","1990-01-01","1990-01-01",NULL,"1990-01-01",NULL,,"1900-01-02"
"Five Guys - Centerville Shopping Ctr","1990-01-01","1990-01-01",NULL,"1990-01-01","1990-01-01","1990-01-01",NULL,"1990-01-01",NULL,,"1900-01-02"
"Root&#039s Country Market & Auction, Inc.","1990-01-01","1990-01-01",NULL,"1990-01-01","1990-01-01","1990-01-01",NULL,"1990-01-01",NULL,,"1900-01-02"
"Letort Manor & Perth Hills Permitting","1990-01-01","1990-01-01",NULL,"1990-01-01","1990-01-01","1990-01-01",NULL,"1990-01-01",NULL,,"1900-01-02"
"Belfiglio Subdivision","1990-01-01","1990-01-01",NULL,"1990-01-01","1990-01-01","1990-01-01",NULL,"1990-01-01",NULL,,"1900-01-02"
"Charlotte St Single Lot","1990-01-01","1990-01-01",NULL,"1990-01-01","1990-01-01","1990-01-01",NULL,"1990-01-01",NULL,,"1900-01-02"
"Charlotte St Subdivision","1990-01-01","1990-01-01",NULL,"1990-01-01","1990-01-01","1990-01-01","2","1990-01-01",NULL,,"1900-01-02"
"Manor Township CROSSGATES Permitting NOT LASA OWNED","1990-01-01","1990-01-01",NULL,"1990-01-01","1990-01-01","1990-01-01",NULL,"1990-01-01",NULL,,"1900-01-02"
"Lancaster Bible College North Campus PHASE 2A","1990-01-01","1990-01-01",NULL,"1990-01-01","1990-01-01","2011-02-15","2","2011-02-09",NULL,,"1900-01-02"
"Hempfield School District Farmdale School Redo","1990-01-01","1990-01-01",NULL,"1990-01-01","1990-01-01","2012-04-12","3","2012-02-03",NULL,,"1900-01-02"
"Hempfield School District Landisville Intermediate Center - NEW","1990-01-01","1990-01-01",NULL,"1990-01-01","1990-01-01","2011-08-08","3","2011-07-28","285318","08078198","2012-11-21"
"Diffenderfer Family Trust Subdivision","1990-01-01","1990-01-01",NULL,"1990-01-01","1990-01-01","1990-01-01",NULL,"1990-01-01",NULL,,"1900-01-02"
"Lancaster County Morgue","1990-01-01","1990-01-01",NULL,"1990-01-01","1990-01-01","2011-10-05","2","2011-09-08",NULL,,"1900-01-02"
"Heagy Inc. Richard - Warehouse Expansion","1990-01-01","1990-01-01",NULL,"1990-01-01","1990-01-01","1990-01-01","2","2011-03-22",NULL,,"1900-01-02"
"Genesys Controls","1990-01-01","1990-01-01",NULL,"1990-01-01","1990-01-01","1990-01-01","2","1990-01-01",NULL,,"1900-01-02"
"2714 Brookfield Rd Lot","1990-01-01","1990-01-01",NULL,"1990-01-01","1990-01-01","1990-01-01",NULL,"1990-01-01",NULL,,"1900-01-02"
"Lancaster Toyota New Service Center","1990-01-01","1990-01-01",NULL,"1990-01-01","1990-01-01","1990-01-01","3","2011-07-26",NULL,,"1900-01-02"
"Oral and Maxillofacial Surgery Renovation","1990-01-01","1990-01-01",NULL,"1990-01-01","1990-01-01","1990-01-01",NULL,"1990-01-01",NULL,,"1900-01-02"
"Superior Homes - 1731 Temple Ave Lot","1990-01-01","1990-01-01",NULL,"1990-01-01","1990-01-01","1990-01-01",NULL,"1990-01-01",NULL,,"1900-01-02"
"Wenger&#039s Construction 156 Stony Battery Rd lot","1990-01-01","1990-01-01",NULL,"1990-01-01","1990-01-01","1990-01-01",NULL,"1990-01-01",NULL,,"1900-01-02"
"Clutch & Go Automatic Transmissions","1990-01-01","1990-01-01",NULL,"1990-01-01","1990-01-01","1990-01-01","3","1990-01-01",NULL,,"1900-01-02"
"630 Valley Road","1990-01-01","1990-01-01",NULL,"1990-01-01","1990-01-01","1990-01-01",NULL,"1990-01-01",NULL,,"1900-01-02"
"LGH - Ann B Barshinger Cancer Center","1990-01-01","1990-01-01",NULL,"1990-01-01","1990-01-01","2011-12-14",NULL,"1990-01-01",NULL,,"1900-01-02"
"5922 Pine St rear","1990-01-01","1990-01-01",NULL,"1990-01-01","2011-06-21","1990-01-01",NULL,"1990-01-01",NULL,,"1900-01-02"
"Adorers of the Blood of Christ US Region","1990-01-01","1990-01-01",NULL,"1990-01-01","1990-01-01","1990-01-01","2","1990-01-01",NULL,,"1900-01-02"
"Southern Village Phase 3A","2011-08-30","2011-09-06","235","2012-04-04","1990-01-01","2011-12-12","2","2011-09-06",NULL,,"1900-01-02"
"Cedar Oregon Pike LLC","2011-10-04","2011-10-04","237","2012-06-04","2012-06-21","2012-08-08","2","2011-10-04","290843","08079302","2012-10-30"
"Stonehenge Reserve PHASE 2","2011-11-16","2011-11-16","233","2011-12-13","2011-12-01","2011-12-06","2","2011-11-16",NULL,,"1900-01-02"
"Richter Precision Inc.","1990-01-01","1990-01-01",NULL,"1990-01-01","1990-01-01","1990-01-01","2","2011-09-16",NULL,,"1900-01-02"
"Blackford Development - 4010 & 4015 Columbia Ave","1990-01-01","1990-01-01",NULL,"1990-01-01","1990-01-01","1990-01-01",NULL,"1990-01-01",NULL,,"1900-01-02"
"Members 1st Federal Credit Union","1990-01-01","1990-01-01",NULL,"1990-01-01","1990-01-01","2012-03-27","2","2012-03-27",NULL,,"1900-01-02"
"Long Community at Highland Phase 2","1990-01-01","1990-01-01",NULL,"1990-01-01","1990-01-01","1990-01-01",NULL,"1990-01-01",NULL,,"1900-01-02"
"Torchia, Michael sewer extension (Old Blue Rock Rd)","2012-04-10","2012-04-10","236","1990-01-01","1990-01-01","2012-06-28","2","2012-02-06","285287","08078893","2012-09-11"
"5100 Main Realty Subdivision Lot 1 and 2","1990-01-01","1990-01-01",NULL,"1990-01-01","2012-08-01","2012-08-23","2","2012-08-16",NULL,"12-RO-18","2013-05-02"
"66 Keller Avenue Expansion","1990-01-01","1990-01-01",NULL,"1990-01-01","1990-01-01","1990-01-01",NULL,"1990-01-01",NULL,,"1900-01-02"
"Landis Trucking Expansion","1990-01-01","1990-01-01",NULL,"1990-01-01","1990-01-01","1990-01-01",NULL,"1990-01-01",NULL,,"1900-01-02"
"Hempfield School District  New East Petersburg Elementary","1990-01-01","1990-01-01",NULL,"1990-01-01","1990-01-01","2012-04-24","3","2012-04-02",NULL,"08080553","2013-04-17"
"Manheim Twp School Dist - Blue Streak Pavillion Facilities","1990-01-01","1990-01-01",NULL,"1990-01-01","1990-01-01","2012-01-23","2","2012-02-03",NULL,,"1900-01-02"
"Hess Tract","1990-01-01","1990-01-01",NULL,"1990-01-01","1990-01-01","1990-01-01",NULL,"1990-01-01",NULL,,"1900-01-02"
"1989 Sterling Place Lot","1990-01-01","1990-01-01",NULL,"1990-01-01","1990-01-01","1990-01-01",NULL,"1990-01-01",NULL,,"1900-01-02"
"State Road Commerce Park","1990-01-01","1990-01-01",NULL,"1990-01-01","1990-01-01","1990-01-01",NULL,"1990-01-01",NULL,,"1900-01-02"
"Y & S Candies Inc - Expansion","1990-01-01","1990-01-01",NULL,"1990-01-01","1990-01-01","1990-01-01",NULL,"1990-01-01",NULL,,"1900-01-02"
"Long Community at Highland Phase 3","1990-01-01","1990-01-01",NULL,"1990-01-01","1990-01-01","1990-01-01","3","2011-11-03",NULL,,"1900-01-02"
"1556 Euclid Dr Lancaster Dave Costello Lot","1990-01-01","1990-01-01",NULL,"1990-01-01","1990-01-01","1990-01-01",NULL,"1990-01-01",NULL,,"1900-01-02"
"231 Hess Blvd Lancaster Dave Costello Lot","1990-01-01","1990-01-01",NULL,"1990-01-01","1990-01-01","1990-01-01",NULL,"1990-01-01",NULL,,"1900-01-02"
"176 Chestnut St Jay Smith Lot","1990-01-01","1990-01-01",NULL,"1990-01-01","1990-01-01","1990-01-01",NULL,"1990-01-01",NULL,,"1900-01-02"
"Historic Stoner House","1990-01-01","1990-01-01",NULL,"1990-01-01","1990-01-01","1990-01-01",NULL,"1990-01-01",NULL,,"1900-01-02"
"CVS/ Centerville Square Expansion","1990-01-01","1990-01-01",NULL,"1990-01-01","1990-01-01","2013-02-26","3","2013-05-03",NULL,,"1900-01-02"
"Westminster Presbyterian Church - Connection Relocate","1990-01-01","1990-01-01",NULL,"1990-01-01","1990-01-01","1990-01-01",NULL,"1990-01-01",NULL,,"1900-01-02"
"Norton, Jim L. II properties 2834 and 2910 Columbia Ave","1990-01-01","1990-01-01",NULL,"1990-01-01","1990-01-01","1990-01-01",NULL,"1990-01-01",NULL,,"1900-01-02"
"2791 Southwick Dr. - Jon Warner Homes lot","1990-01-01","1990-01-01",NULL,"1990-01-01","2014-06-06","1990-01-01",NULL,"1990-01-01",NULL,,"1900-01-02"
"Kauffman, Ben E & Robin M Subdivision","1990-01-01","1990-01-01",NULL,"1990-01-01","1990-01-01","1990-01-01",NULL,"1990-01-01",NULL,,"1900-01-02"
"Grace United Methodist Church","1990-01-01","1990-01-01",NULL,"1990-01-01","1990-01-01","2012-06-12","2","2012-06-12",NULL,"120227","2013-06-08"
"1500 Stony Battery Rd - Convert to Apartments","1990-01-01","1990-01-01",NULL,"1990-01-01","1990-01-01","1990-01-01",NULL,"1990-01-01",NULL,,"1900-01-02"
"E. R. Martin School Rebuild - Honeysuckle Force Main","1990-01-01","2012-04-04","240","2013-01-28","2013-02-01","1990-01-01",NULL,"1990-01-01","25113","08082769","2014-02-11"
"Paccar Inc. Expansion","1990-01-01","1990-01-01",NULL,"1990-01-01","1990-01-01","1990-01-01",NULL,"1990-01-01",NULL,,"1900-01-02"
"Enterprise Rent-A-Car Washbay Addition","1990-01-01","1990-01-01",NULL,"1990-01-01","1990-01-01","1990-01-01",NULL,"1990-01-01",NULL,,"1900-01-02"
"Sheetz Inc - 4010 Columbia Avenue","1990-01-01","1990-01-01",NULL,"1990-01-01","2014-05-21","1990-01-01",NULL,"1990-01-01",NULL,,"1900-01-02"
"Milton Estates","1990-01-01","1990-01-01",NULL,"1990-01-01","1990-01-01","1990-01-01",NULL,"1990-01-01",NULL,,"1900-01-02"
"122 Fordney Road- Jay Stoltzfus","1990-01-01","1990-01-01",NULL,"1990-01-01","1990-01-01","1990-01-01",NULL,"1990-01-01",NULL,,"1900-01-02"
"Sylvan View Phase 1","2013-02-05","2013-02-05","242","2013-03-05","2013-02-21","2013-02-13","2","2013-02-05",NULL,,"1900-01-02"
"Hambright Elementary School","1990-01-01","2013-05-17",NULL,"1990-01-01","1990-01-01","1990-01-01","3","2013-05-17",NULL,,"1900-01-02"
"Autohaus Lancaster - Porsche Showroom","1990-01-01","1990-01-01",NULL,"1990-01-01","1990-01-01","1990-01-01",NULL,"1990-01-01",NULL,,"1900-01-02"
"Blessed John XXII Religious Education Center","1990-01-01","2013-06-17",NULL,"1990-01-01","1990-01-01","2013-06-19","3","2013-06-17",NULL,,"1900-01-02"
"Calvary Fellowship Homes Lot Consolidation","2013-01-25","2013-01-25","241","2013-03-05","2012-10-02","2013-03-21","2","2013-03-12",NULL,,"1900-01-02"
"Hunger-N-Thirst","1990-01-01","1990-01-01",NULL,"1990-01-01","1990-01-01","1990-01-01",NULL,"1990-01-01",NULL,,"1900-01-02"
"Stone House Place","2013-03-11","2013-03-11","243","2013-04-12","2013-03-11","2013-03-19","2","2013-03-18",NULL,,"1900-01-02"
"Fern Hill Ventures LP - 601 S. Sixteenth St.","1990-01-01","1990-01-01",NULL,"1990-01-01","1990-01-01","2012-11-29","3","2012-11-29",NULL,,"1900-01-02"
"Alcoa/ Alumax Mill Products Truck Scale","1990-01-01","1990-01-01",NULL,"1990-01-01","1990-01-01","1990-01-01","2","1990-01-01",NULL,,"1900-01-02"
"Rutter&#039s Farm Store #23 - US 30 & Stony Battery Rd","1990-01-01","1990-01-01",NULL,"1990-01-01","1990-01-01","2013-03-13","3","2013-03-05",NULL,,"1900-01-02"
"Overlook Town Center - mixed use - Commercial","2013-06-11","2013-06-11","244","2013-07-03","1990-01-01","2013-06-14","3","2013-06-11","31037","08083650","2014-06-03"
"Overlook Town Center - mixed use - Residential","1990-01-01","1990-01-01",NULL,"1990-01-01","1990-01-01","1990-01-01",NULL,"1990-01-01",NULL,,"1900-01-02"
"Landis Valley Sewer Extension Permitting","1990-01-01","1990-01-01",NULL,"1990-01-01","1990-01-01","1990-01-01",NULL,"1990-01-01",NULL,,"1900-01-02"
"141 Sunrise Ave - Kenneth Homes lot","1990-01-01","1990-01-01",NULL,"1990-01-01","1990-01-01","1990-01-01",NULL,"1990-01-01",NULL,,"1900-01-02"
"Regency Square Lot 19","1990-01-01","1990-01-01",NULL,"1990-01-01","1990-01-01","2013-02-25","2","2012-12-21",NULL,,"1900-01-02"
"340 Roseville Road West","1990-01-01","1990-01-01",NULL,"1990-01-01","1990-01-01","1990-01-01",NULL,"1990-01-01",NULL,,"1900-01-02"
"Landis Farm","1990-01-01","1990-01-01",NULL,"1990-01-01","1990-01-01","1990-01-01",NULL,"1990-01-01",NULL,,"1900-01-02"
"David Charles Tract subdivision in Manor Twp","1990-01-01","1990-01-01",NULL,"1990-01-01","1990-01-01","2013-04-10","3","2013-03-28",NULL,,"1900-01-02"
"Echo Valley Ln Lot","1990-01-01","1990-01-01",NULL,"1990-01-01","2013-02-21","2013-09-25","3","2013-07-01",NULL,,"1900-01-02"
"Spooky Nook Sports","1990-01-01","1990-01-01",NULL,"1990-01-01","1990-01-01","2013-07-26","3","2013-02-01",NULL,,"1900-01-02"
"Lime Springs Farm","2014-05-30","2014-05-29","248","2014-06-30","2014-06-11","2014-05-02","3","2014-05-29",NULL,,"1900-01-02"
"Village Commons - Redo","1990-01-01","2014-03-04",NULL,"1990-01-01","1990-01-01","2014-03-06",NULL,"1990-01-01",NULL,,"1900-01-02"
"1611 Oregon Pike - lot subdivision","1990-01-01","1990-01-01",NULL,"1990-01-01","1990-01-01","1990-01-01","2","1990-01-01",NULL,,"1900-01-02"
"Carper, Kenneth L. Sr. - 2 Regal Alley & 4 Regal Alley - NOW Ironstone Homes Lots","1990-01-01","1990-01-01",NULL,"1990-01-01","1990-01-01","1990-01-01","2","1990-01-01",NULL,,"1900-01-02"
"Grandview Subdivision Phase 2","2013-12-03","2013-12-03","246","2014-01-06","1990-01-01","2013-12-11","3","2013-12-03",NULL,,"1900-01-02"
"Eden Resort 3rd Floor Expansion","1990-01-01","1990-01-01",NULL,"1990-01-01","1990-01-01","1990-01-01",NULL,"1990-01-01",NULL,,"1900-01-02"
"Lancaster Airport Authority Ambulance/ Balloonport Bldg","1990-01-01","1990-01-01",NULL,"1990-01-01","1990-01-01","1990-01-01",NULL,"1990-01-01",NULL,,"1900-01-02"
"All Size Corrugated - New Bldg","1990-01-01","1990-01-01",NULL,"1990-01-01","1990-01-01","2013-05-01","2","1990-01-01",NULL,,"1900-01-02"
"Stonehenge Reserve PHASE 3","2013-06-14","2013-06-14","245","2013-07-03","2013-07-26","1990-01-01","3","2013-06-14",NULL,,"1900-01-02"
"Pop-It Graphics","1990-01-01","1990-01-01",NULL,"1990-01-01","1990-01-01","1990-01-01",NULL,"1990-01-01",NULL,,"1900-01-02"
"WEE CARE DAY SCHOOL (formerly East Pete Daycare Ctr)","1990-01-01","1990-01-01",NULL,"1990-01-01","1990-01-01","1990-01-01",NULL,"1990-01-01",NULL,,"1900-01-02"
"396 Buch Ave - Ironstone Homes LLC","1990-01-01","1990-01-01",NULL,"1990-01-01","2013-03-27","2013-06-19","2","2013-06-14",NULL,,"1900-01-02"
"Essex Court","1990-01-01","1990-01-01",NULL,"1990-01-01","1990-01-01","1990-01-01",NULL,"1990-01-01",NULL,,"1900-01-02"
"Hempfield School District Landisville Education Center - LEC","1990-01-01","1990-01-01",NULL,"1990-01-01","1990-01-01","2013-09-23","2","2013-08-22","32249","08084367","2014-09-16"
"1149 Aquilla Dr - Ironstone Homes LLC","1990-01-01","1990-01-01",NULL,"1990-01-01","1990-01-01","2013-06-19",NULL,"1990-01-01",NULL,"3-RO-24   (EHT)","2013-07-05"
"East Petersburg Boro - Nitrate Plant","1990-01-01","1990-01-01",NULL,"1990-01-01","1990-01-01","1990-01-01",NULL,"1990-01-01",NULL,,"1900-01-02"
"FERN LN Subdivision - Pete Alecxih","1990-01-01","1990-01-01",NULL,"1990-01-01","1990-01-01","1990-01-01","3","1990-01-01",NULL,,"1900-01-02"
"HILLCREST AVE Subdivision - Pete Alecxih","1990-01-01","1990-01-01",NULL,"1990-01-01","1990-01-01","1990-01-01","2","1990-01-01",NULL,,"1900-01-02"
"Manheim Twp School Dist - Maintenance Bldg","1990-01-01","1990-01-01",NULL,"1990-01-01","1990-01-01","1990-01-01",NULL,"1990-01-01",NULL,,"1900-01-02"
"Quattro Development LLC","2014-05-12","2014-05-09","247","2014-05-29","2014-06-02","2014-05-12","3","2014-05-12",NULL,,"1900-01-02"
"Brunswick Farms Apartments","1990-01-01","1990-01-01",NULL,"1990-01-01","1990-01-01","1990-01-01","2","1990-01-01",NULL,,"1900-01-02"
"Hahn Farming Enterprises 3 Lot Subdivision","1990-01-01","1990-01-01",NULL,"1990-01-01","1990-01-01","1990-01-01",NULL,"1990-01-01",NULL,,"1900-01-02"
"Turkey Hill Prospect Rd Renovation","1990-01-01","1990-01-01",NULL,"1990-01-01","1990-01-01","1990-01-01",NULL,"1990-01-01",NULL,,"1900-01-02"
"Brethren Village Fieldcrest Cottages 13 IDU&#039s","1990-01-01","1990-01-01",NULL,"1990-01-01","1990-01-01","1990-01-01","3","1990-01-01",NULL,,"1900-01-02"
"Grandview Center - mixed use","1990-01-01","1990-01-01",NULL,"1990-01-01","1990-01-01","1990-01-01","2","1990-01-01",NULL,,"1900-01-02"
"Lime Springs Farm - QBP - Quality Bicycle Products","1990-01-01","1990-01-01",NULL,"1990-01-01","1990-01-01","1990-01-01","3","1990-01-01",NULL,,"1900-01-02"
"Herman, Donald & Jacquelyn subdivision 1059 Sylvan Rd","1990-01-01","1990-01-01",NULL,"1990-01-01","1990-01-01","1990-01-01",NULL,"1990-01-01",NULL,,"1900-01-02"
"Benecon","1990-01-01","1990-01-01",NULL,"1990-01-01","1990-01-01","1990-01-01","3","1990-01-01",NULL,,"1900-01-02"
"Perate lot - 1246 Harrisburg Pk","1990-01-01","1990-01-01",NULL,"1990-01-01","1990-01-01","1990-01-01",NULL,"1990-01-01",NULL,,"1900-01-02"
"Landis Valley LP 2660 Oregon Pk residence septic to sewer","1990-01-01","1990-01-01",NULL,"1990-01-01","1990-01-01","1990-01-01","2","1990-01-01",NULL,,"1900-01-02"
"Park City Apartments","1990-01-01","1990-01-01",NULL,"1990-01-01","1990-01-01","1990-01-01",NULL,"1990-01-01",NULL,,"1900-01-02"
"Manheim Twp School Dist - Neffsville IU 13","1990-01-01","1990-01-01",NULL,"1990-01-01","1990-01-01","1990-01-01",NULL,"1990-01-01",NULL,,"1900-01-02"
"Hillcrest Ave Lot - C&F Inc (Fabio Pini) 1526 Hillcrest Ave","1990-01-01","1990-01-01",NULL,"1990-01-01","1990-01-01","1990-01-01",NULL,"1990-01-01",NULL,,"1900-01-02"
"Neurology & Stroke Assocs. - MRI Addition","1990-01-01","1990-01-01",NULL,"1990-01-01","1990-01-01","1990-01-01",NULL,"1990-01-01",NULL,,"1900-01-02"
"Woods Edge Ph 2 Sect 4 Subdivision Plan REVISION","1990-01-01","1990-01-01",NULL,"1990-01-01","1990-01-01","1990-01-01",NULL,"1990-01-01",NULL,,"1900-01-02"
"Lancaster Bible College - New Academic Bldg","1990-01-01","1990-01-01",NULL,"1990-01-01","1990-01-01","1990-01-01",NULL,"1990-01-01",NULL,,"1900-01-02"
"Historic Stone House Moving Project - Mark Ashley","1990-01-01","1990-01-01",NULL,"1990-01-01","1990-01-01","1990-01-01",NULL,"1990-01-01",NULL,,"1900-01-02"
"543 Champ Blvd. - Hotel  (Toews)","1990-01-01","1990-01-01",NULL,"1990-01-01","1990-01-01","1990-01-01",NULL,"1990-01-01",NULL,,"1900-01-02"
"Landis Homes South Campus Expand 2014","1990-01-01","1990-01-01",NULL,"1990-01-01","1990-01-01","1990-01-01",NULL,"1990-01-01",NULL,,"1900-01-02"
"St. Anne&#039s Retirement Community Expand. 2014","1990-01-01","1990-01-01",NULL,"1990-01-01","1990-01-01","1990-01-01",NULL,"1990-01-01",NULL,,"1900-01-02"
"1101 Central Manor Rd (septic to sewer)","1990-01-01","1990-01-01",NULL,"1990-01-01","1990-01-01","1990-01-01",NULL,"1990-01-01",NULL,,"1900-01-02"
"Mohn lot subdivide @ 1431 Hunsecker Rd","1990-01-01","1990-01-01",NULL,"1990-01-01","1990-01-01","1990-01-01",NULL,"1990-01-01",NULL,,"1900-01-02"
"Settlements East","1990-01-01","1990-01-01",NULL,"1990-01-01","1990-01-01","1990-01-01",NULL,"1990-01-01",NULL,,"1900-01-02"
"VOID - duplicate Existing Log #13-813","1990-01-01","1990-01-01",NULL,"1990-01-01","1990-01-01","1990-01-01",NULL,"1990-01-01",NULL,,"1900-01-02"
"Fairmont Subdivision Phase 1","1990-01-01","1990-01-01",NULL,"1990-01-01","1990-01-01","1990-01-01","2","1990-01-01",NULL,,"1900-01-02"
"Stone Fence","1990-01-01","1990-01-01",NULL,"1990-01-01","1990-01-01","1990-01-01",NULL,"1990-01-01",NULL,,"1900-01-02"
"Moove In Partners 741 LP (septic to sewer)","1990-01-01","1990-01-01",NULL,"1990-01-01","1990-01-01","1990-01-01",NULL,"1990-01-01",NULL,,"1900-01-02"
"Lancaster Country Day School Expansion","1990-01-01","1990-01-01",NULL,"1990-01-01","1990-01-01","1990-01-01",NULL,"1990-01-01",NULL,,"1900-01-02"
"J&S Property - 101 W Main St Salunga","1990-01-01","1990-01-01",NULL,"1990-01-01","1990-01-01","1990-01-01",NULL,"1990-01-01",NULL,,"1900-01-02"
"Hess Home Bldrs Lot - 708 Tusitala Drive","1990-01-01","1990-01-01",NULL,"1990-01-01","1990-01-01","1990-01-01",NULL,"1990-01-01",NULL,,"1900-01-02"
"Lancaster Bible College - New Residence Hall","1990-01-01","1990-01-01",NULL,"1990-01-01","1990-01-01","1990-01-01",NULL,"1990-01-01",NULL,,"1900-01-02"
