Name, FI, ER, PCC
"Sandlewood Townhomes (TEST)","1990-01-01","1990-01-01","1990-01-01"
"Commerce Bank - Manheim Pike","2007-03-15","2012-04-18","2012-05-02"
"Penn Cinema","2006-10-31","2010-05-10","2010-05-14"
"Arbors at Spring Valley","2006-11-17","2011-08-02","2011-08-02"
"Kissinger Subdivision","1990-01-01","2011-05-10","2011-05-10"
"Carrington Subdivision","2007-07-11","2011-08-02","2011-08-02"
"Diller Tract","1990-01-01","2010-05-10","2010-05-14"
"Worthington (Rockview) Subdivision - Residential","1990-01-01","1990-01-01","1990-01-01"
"Chatsworth","2008-06-05","2010-04-23","2010-04-26"
"Stone Mill Estates (Bridle Estates)","2007-11-16","2014-05-29","2014-05-29"
"Manor Oaks Lot 146","2006-06-15","2013-03-15","2013-03-15"
"Eagles View 1B","2001-09-19","2012-08-31","2012-08-31"
"Wetherburn Commons","1990-01-01","1990-01-01","1990-01-01"
"Southern Village Phase 1","2006-05-23","2013-03-15","2013-03-15"
"SIM Properites","1990-01-01","2014-05-29","2014-05-29"
"Winchelsea (Hynicka Tract)","2007-11-27","2010-04-23","2010-04-26"
"Al Hamiltion Family LP 2","1990-01-01","1990-01-01","1990-01-01"
"Timson Place","2007-09-17","2010-05-19","2010-05-19"
"D.A.D. Enterprises, Inc.","1990-01-01","1990-01-01","1990-01-01"
"Abel Drive Lot 8   (3912)","1990-01-01","1990-01-01","1990-01-01"
"Brethren Villiage- Village Garden Apartments II","1990-01-01","1990-01-01","1990-01-01"
"Fruitville Business Park Subdivision","1990-01-01","1990-01-01","1990-01-01"
"Parkfield - Phase 1","1990-01-01","2013-03-15","2013-03-15"
"Mews at Homestead","1990-01-01","1990-01-01","1990-01-01"
"Village Grande @ Millers Run","2007-09-10","2013-03-15","2013-03-15"
"Brighton Commercial","2005-03-08","2011-08-02","2011-08-02"
"Penns Crossing","2005-08-03","2011-06-03","2011-06-03"
"Farm on Quarry Road","1990-01-01","1990-01-01","1990-01-01"
"Chaddsford Estates","1990-01-01","1990-01-01","1990-01-01"
"Millstone Village (Hershey Mill East)","1990-01-01","2014-05-29","2014-05-29"
"Manor Heights","2006-02-20","2013-03-15","2013-03-15"
"Landis Estates","1990-01-01","2014-05-29","2014-05-29"
"Porter Tract (Meadow Run)","2005-07-25","2011-06-03","2011-06-03"
"Windemere Place","1990-01-01","1990-01-01","1990-01-01"
"Woods Edge","1990-01-01","1990-01-01","1990-01-01"
"Twin Oaks Hollow","1990-01-01","1990-01-01","1990-01-01"
"Windsor Court","1990-01-01","1990-01-01","1990-01-01"
"Sunset Ridge 1","1990-01-01","1990-01-01","1990-01-01"
"Rosewood",NULL,NULL,NULL
"Manor Oaks Remaining Lands Section 3","1990-01-01","2013-03-15","2013-03-15"
"Westwood Green","2005-02-28","2014-05-29","2014-05-29"
"Union Nation Bank- Gold Cafe","1990-01-01","2014-05-29","2014-05-29"
"DH Funk Lot 1","1990-01-01","1990-01-01","1990-01-01"
"Woods Edge Villas at Sutherland","1990-01-01","2014-05-29","2014-05-29"
"Rental Service Corporation","2006-07-31","2011-06-03","2011-06-03"
"Brethren Village-Fieldcrest Cottages Phase III","2006-07-27","2012-04-18","2012-05-02"
"Stonemill Estates","1990-01-01","2014-05-29","2014-05-29"
"Eastland Land Development Subdivision","1990-01-01","1990-01-01","1990-01-01"
"Del Boca Vista","1990-01-01","1990-01-01","1990-01-01"
"Manor Blvd. Subdivision","1990-01-01","2011-06-03","2011-06-03"
"Knight, Bernice","1990-01-01","2014-05-29","2014-05-29"
"Penn Manor Comet Field","2006-08-28","2011-06-03","2011-06-03"
"Noll Drive Associates","1990-01-01","2014-05-29","2014-05-29"
"Bantam Lane","2008-01-30","2011-08-02","2011-08-02"
"Kline&#039s Services, Inc. - Residual Bldg.","1990-01-01","2010-03-18","2010-03-18"
"Page, Dave & Cindy","1990-01-01","2011-06-03","2011-06-03"
"Boshnaugle, Donald 202 Sylvan Retreat Road","1990-01-01","2011-08-02","2011-08-02"
"Hess 3868 Columbia Avenue - Commercial","1990-01-01","1990-01-01","1990-01-01"
"Jung, Gary A. - Lot Sub. - Stonehenge Dr.","1990-01-01","1990-01-01","1990-01-01"
"Southern Village Phase 2","1990-01-01","2013-03-15","2013-03-15"
"Edington Place formerly Honeysuckle Lane Subdivision","1990-01-01","1990-01-01","1990-01-01"
"Rettew - 3020 Associates Addition","1990-01-01","1990-01-01","1990-01-01"
"It&#039s A Grind Coffee Shop","1990-01-01","2010-05-10","2010-05-14"
"Lausch Lane Lot 2","2006-11-30","2011-08-02","2011-08-02"
"Landings at Eagle Heights (Final Ph)","1990-01-01","2012-08-31","2012-08-31"
"Hershey Mill Manor (Hershey Mill West)","1990-01-01","2014-05-29","2014-05-29"
"Cedar Chase","1990-01-01","1990-01-01","1990-01-01"
"Lancaster Toyota Mazda Collision Center","1990-01-01","2010-05-10","2010-05-14"
"Eagle Heights","2007-06-15","2012-04-18","2012-05-02"
"MISCELLANEOUS PROJECT PERMITS","1990-01-01","1990-01-01","1990-01-01"
"Cibo Pizza and Grille","1990-01-01","1990-01-01","1990-01-01"
"Lancaster General  Campus W&B and Rehab Hospital","2008-09-30","2010-05-10","2010-05-14"
"Lancaster General Campus Ambulatory Surgery Center","2007-02-23","2010-05-10","2010-05-14"
"Kissel Hill Commons Phase 3 - Final Phase","2006-07-13","2010-05-10","2010-05-14"
"Parkridge","1990-01-01","2014-05-29","2014-05-29"
"Commerce Bank - Golden Triangle","2006-03-15","2012-04-18","2012-05-02"
"Homewood Suites","2008-05-19","2011-07-06","2011-07-06"
"Walgreens - Golden Triangle","1990-01-01","2014-05-29","2014-05-29"
"65 Meadow Ln","1990-01-01","1990-01-01","1990-01-01"
"Jay Group - Stony Battery Corp Center","2007-09-10","2011-06-03","2011-06-03"
"Treztark II LTD (Stony Battery Commerce Ctr Ph 4)","1990-01-01","2014-05-29","2014-05-29"
"Jay Group (Stony Battery Corp Center Lot 11)","1990-01-01","1990-01-01","1990-01-01"
"Landale (formerly Landis Tract)","1990-01-01","2014-05-29","2014-05-29"
"Veranda Phase 2 and 3","2006-07-19","1990-01-01","1990-01-01"
"Sunset Ridge 2  (formerly Crescent Ridge / Beiler)","1990-01-01","1990-01-01","1990-01-01"
"Kissel Hill Commons - LOT #287 - Commercial","1990-01-01","2011-08-02","2011-08-02"
"Triple H Construction","1990-01-01","2014-05-29","2014-05-29"
"Manor Oaks Phase 1,2,3 and 3A","1990-01-01","1990-01-01","1990-01-01"
"Veranda Phase 1","2004-11-22","2013-03-15","2013-03-15"
"Pappas-2 lots (Dorsea Rd & Springvalley Rd)","1990-01-01","1990-01-01","1990-01-01"
"NGUYEN  Lot @ 1750 Sammar Rd","1990-01-01","2012-08-31","2012-08-31"
"1896 Millersville Rd Subdivision","1990-01-01","1990-01-01","1990-01-01"
"Fanelli, Gary - 12 Druid Circle lot","1990-01-01","1990-01-01","1990-01-01"
"Murry South Centerville Road Walmart","1990-01-01","1990-01-01","1990-01-01"
"Church of Jesus Christ of Latter-Day Saints","1990-01-01","2012-08-31","2012-08-31"
"Brod, Roy lot @70 Valley Rd.","2007-09-20","2010-05-10","2010-05-14"
"Severn Tract","1990-01-01","2014-05-29","2014-05-29"
"Parkfield - Phase 2","1990-01-01","2014-05-29","2014-05-29"
"Bethel Commons","1990-01-01","1990-01-01","2014-05-29"
"3050 Yellow Goose Rd - Office","1990-01-01","1990-01-01","1990-01-01"
"Hempfield Crossing Phase 1 (formerly Wissler Tract","1990-01-01","1990-01-01","1990-01-01"
"Blossom Hill Mennonite Church","2008-09-11","2010-05-10","2010-05-14"
"DeGeorge lot @ 1790 State St.","1990-01-01","1990-01-01","1990-01-01"
"DeGeorge lot @ 530 Garden Hill Lane","1990-01-01","1990-01-01","1990-01-01"
"Fairway Drive Subdivision","1990-01-01","2013-03-15","2013-03-15"
"Heisey, Michael - Apts @ 686 Bean Hill Rd.","1990-01-01","1990-01-01","1990-01-01"
"1015 Wheaton Dr. lot","1990-01-01","1990-01-01","1990-01-01"
"Tobacco Road Condos","1990-01-01","2014-05-29","2014-05-29"
"Ruby Tuesday Inc.","1990-01-01","1990-01-01","1990-01-01"
"Ritas Italian Ice","1990-01-01","2014-05-29","2014-05-29"
"Preserve at Silver Spring - Residential","1990-01-01","2014-05-29","2014-05-29"
"Preserve at Silver Spring - Commercial","1990-01-01","2014-05-29","2014-05-29"
"Broomell Residence (Spring Valley Rd.)","2006-03-31","2011-08-02","2011-08-02"
"Imperial Homes - 2774 Kreider Rd.","2007-07-17","2011-06-03","2011-06-03"
"Orthopedic Assoc - North Pointe","2007-08-20","2011-07-06","2011-07-06"
"Spring Haven","1990-01-01","1990-01-01","1990-01-01"
"730 Eden Road Office Bldg.","2008-11-17","2010-05-10","2010-05-14"
"Calvary Church Expansion  (MHT)","2007-10-19","2011-08-02","2011-08-02"
"Bloomfield Village","2008-01-04","2010-05-10","2010-05-14"
"3816 Concordia Rd. (Dave Charles)","1990-01-01","1990-01-01","1990-01-01"
"Mariani - Office Bldg - 501 Rohrerstown Rd.","1990-01-01","2012-08-31","2012-08-31"
"Summit Hills - Portion of Phases 3 & 4","1990-01-01","1990-01-01","1990-01-01"
"F& M Athletic Field Restrooms","2007-07-18","2010-05-10","2010-05-14"
"Apria Healthcare Facility","2003-02-03","2011-08-02","2011-08-02"
"Autohouse of Lancaster","2010-11-23","2011-08-02","2011-08-02"
"Binkley Ober 1501 Graystone Road","1990-01-01","2011-08-02","2011-08-02"
"Stauffers of Kissel Hill  (Rohrerstown Rd)","2008-08-12","2010-05-10","2010-05-14"
"Bent Creek","1990-01-01","1990-01-01","1990-01-01"
"Brighton Residential","1990-01-01","1990-01-01","2011-08-02"
"Chadwyck Estates","1990-01-01","1990-01-01","1990-01-01"
"Kissel Hill Commons - LOT #287 - Residential","1990-01-01","2011-08-02","2011-08-02"
"Laurel Pond (Milton Estates)","1990-01-01","1990-01-01","1990-01-01"
"Mondamin Farm","1990-01-01","1990-01-01","1990-01-01"
"Oldefield","1990-01-01","1990-01-01","1990-01-01"
"Stonehenge","1990-01-01","1990-01-01","1990-01-01"
"Wellesley Manor","1990-01-01","1990-01-01","1990-01-01"
"Willowbend Estates","1990-01-01","1990-01-01","2014-05-29"
"Golden Triangle Apartments","2006-09-26","2011-06-03","2011-06-03"
"Manheim Township High School","1990-01-01","2014-05-29","2014-05-29"
"Sylvan Retreat Road Lots","2008-02-04","2011-08-02","2011-08-02"
"Roseville Realty Co.","1990-01-01","1990-01-01","1990-01-01"
"329 East New St. lot - Mountville","1990-01-01","1990-01-01","1990-01-01"
"331 East New St. lot - Mountville","1990-01-01","1990-01-01","1990-01-01"
"Stoltzfus, Benuel Subdivision - Farmdale Rd","1990-01-01","1990-01-01","1990-01-01"
"Airport Industrial Park - Lot 33","2008-04-18","2011-08-02","2011-08-02"
"Lincoln West Apts - Temporary Trailers","1990-01-01","1990-01-01","1990-01-01"
"Hempfield Hill Estates","1990-01-01","1990-01-01","1990-01-01"
"Eshelman Trust Lot - 145 Weaver Rd","1990-01-01","1990-01-01","1990-01-01"
"Hempfield Commons - Residential","1990-01-01","2014-05-29","2014-05-29"
"Fruitville Day Care Center","1990-01-01","1990-01-01","1990-01-01"
"Sarsen Drive","2009-10-23","2011-08-02","2011-08-02"
"17 Roselawn Avenue","1990-01-01","1990-01-01","1990-01-01"
"Hempfield Commons - Commercial","1990-01-01","2014-05-29","2014-05-29"
"Tingley Lot - 781 Prospect Rd","1990-01-01","1990-01-01","1990-01-01"
"Kissel Hill Commons - LOT #308 Community Bldg","2008-04-18","2008-06-20","2008-06-20"
"Kleine Property","1990-01-01","1990-01-01","1990-01-01"
"1632 Temple Ave (Dave Charles lot)","1990-01-01","1990-01-01","1990-01-01"
"Blank, John Lot @ 260 Lania Drive","2008-01-15","2010-05-10","2010-05-14"
"Brethren Village - Covenant Crossing","2009-02-27","2012-04-18","2012-05-02"
"3296 Marietta Ave (Carol A Wile)","1990-01-01","2014-05-29","2014-05-29"
"Independence Residential","1990-01-01","1990-01-01","1990-01-01"
"Independence Commercial","1990-01-01","1990-01-01","1990-01-01"
"Bradford Run","1990-01-01","1990-01-01","1990-01-01"
"K & W Tire","1990-01-01","2011-08-02","2011-08-02"
"LIFT INC","2008-06-03","2011-08-02","2011-08-02"
"64 Elizabeth St Landisville","1990-01-01","1990-01-01","1990-01-01"
"Highland Presbyterian Church Add. & Renovations","2010-07-14","2010-05-10","2010-05-14"
"Towne Centre at Wetherburn - Commercial","1990-01-01","1990-01-01","1990-01-01"
"Moore Business Park","1990-01-01","1990-01-01","1990-01-01"
"Sauder Tract Final Subdivision","1990-01-01","1990-01-01","1990-01-01"
"City of Lancaster Susquehanna WTP","1990-01-01","2012-08-31","2012-09-06"
"Marietta Ave Apartments (Gehman)","2009-07-28","2010-01-20","2010-01-20"
"Crossings at Conestoga Creek (The)","1990-01-01","1990-01-01","1990-01-01"
"Brekland Subdivision","1990-01-01","2011-08-02","2011-08-02"
"Herr, Christopher @ 182 Buch Avenue","1990-01-01","1990-01-01","1990-01-01"
"Brighton Commercial - Lot 87","1990-01-01","1990-01-01","1990-01-01"
"Woods Edge Phase 2 Section 4","1990-01-01","2014-05-29","2014-05-29"
"Montessori Academy Additions","1990-01-01","2010-05-10","2010-05-14"
"Newell, Elizabeth 1676 New Holland Pike","1990-01-01","2012-08-31","2012-09-06"
"CarMax Store #7233","1990-01-01","1990-01-01","1990-01-01"
"Towne Centre at Wetherburn - Residential","1990-01-01","1990-01-01","1990-01-01"
"2257 Lititz Pk Subdivision (Harris Tract)","1990-01-01","2014-05-29","2014-05-29"
"216 Ironstone Ridge Rd. Subdivision","1990-01-01","1990-01-01","1990-01-01"
"3790 Marietta Avenue-David Kline 1 Lot Subdivision","2008-10-30","2012-08-31","2012-09-06"
"Mennonite Home Renovations","1990-01-01","1990-01-01","1990-01-01"
"Stonehenge Reserve PHASE 1","1990-01-01","1990-01-01","1990-01-01"
"Park Plaza Hotel - Renovations","1990-01-01","1990-01-01","1990-01-01"
"John R Shaeffer Inc (DBA Exxon Carwash)","1990-01-01","1990-01-01","1990-01-01"
"Springbrook Annex Subdivision","1990-01-01","1990-01-01","1990-01-01"
"Haydn Manor Phase 1","1990-01-01","1990-01-01","1990-01-01"
"Papetti Holding Co Tract","1990-01-01","1990-01-01","1990-01-01"
"1111 Erbs Quarry Road (Paul Brown)","2008-07-28","2012-04-18","2012-05-02"
"Hempfield Crossing Phase 2","1990-01-01","1990-01-01","1990-01-01"
"Parkfield - Phase 3","1990-01-01","1990-01-01","1990-01-01"
"Old Delp Road Drainage Improvements","1990-01-01","1990-01-01","1990-01-01"
"Laurelfield","1990-01-01","1990-01-01","1990-01-01"
"RLPS Architects Office Bldg","1990-01-01","1990-01-01","1990-01-01"
"Nolt, Frank (lot @ 1023 Fruitville Pk)","1990-01-01","1990-01-01","1990-01-01"
"Bucher Elementary School addition","2009-05-08","2010-04-23","2010-04-26"
"1219 Stevens St - from Septic to Sewer","1990-01-01","1990-01-01","1990-01-01"
"Bent Creek Tennis Court / Pro Shop","2009-05-26","2011-08-02","2011-08-02"
"Newcomer, Earl & Ruth Subdivision","1990-01-01","2012-08-31","2012-09-06"
"Kline&#039s Services, Inc. - Office Building","1990-01-01","2010-03-18","2010-03-18"
"Brethren Village Maintenance Bldg on east side","2008-05-27","2010-05-10","2010-05-14"
"Cheswicke Towne Center - Commercial","1990-01-01","1990-01-01","1990-01-01"
"Kline&#039s Services, Inc. - Food to Fuel Building","1990-01-01","2010-03-18","2010-03-18"
"Lancaster General Focused Expansion at Women & Babies Hospital","1990-01-01","2010-05-10","2010-05-14"
"Hess 3868 Columbia Avenue - Residential","1990-01-01","1990-01-01","1990-01-01"
"Worthington (Rockview) Subdivision - Commercial","1990-01-01","1990-01-01","1990-01-01"
"Young, Steven & Jennifer","1990-01-01","1990-01-01","1990-01-01"
"Dairy Road Site Subdivision","1990-01-01","2011-08-02","2011-08-02"
"Penn Cinema Expansion","1990-01-01","2011-06-03","2011-06-03"
"Cheswicke Towne Center - Residential","1990-01-01","1990-01-01","1990-01-01"
"1573 Linden Ave Lot","1990-01-01","2012-08-31","2012-09-06"
"Miller J.A. & W.N. Family Limited Partnership","1990-01-01","1990-01-01","1990-01-01"
"Wheatland Federal Credit Union","1990-01-01","1990-01-01","1990-01-01"
"Granite Run Town Center","1990-01-01","1990-01-01","1990-01-01"
"Marietta Ave 2 Existing Dwellings to Connect (3212 & 3228 Marietta Ave)","1990-01-01","1990-01-01","2009-07-13"
"141 Manor Church Rd & 2 Sparrow Ln","1990-01-01","1990-01-01","1990-01-01"
"Garber Scale & Calibration","1990-01-01","2012-08-31","2012-09-06"
"Overlook Park Golf Maintenance Bldg","1990-01-01","1990-01-01","1990-01-01"
"Moove In Storage","1990-01-01","1990-01-01","1990-01-01"
"Alpha Charlie Hangar","2008-10-20","2011-08-02","2011-08-02"
"Norfolk Southern Dillerville Yard East @ F&M College","1990-01-01","1990-01-01","1990-01-01"
"The Village at Funk&#039s Farm - Residential","1990-01-01","1990-01-01","1990-01-01"
"The Village at Funk&#039s Farm - Commercial","1990-01-01","1990-01-01","1990-01-01"
"West Hempfield Fire & Rescue New Emergency Services Complex","1990-01-01","1990-01-01","1990-01-01"
"Providence Heights","1990-01-01","1990-01-01","1990-01-01"
"LCSWMA Parcel Remediation Temporary Sewer Connection","1990-01-01","1990-01-01","1990-01-01"
"Danz Property @ 311 E. Oregon Rd.","2009-04-08","1990-01-01","2014-05-29"
"The Oaks II","1990-01-01","1990-01-01","1990-01-01"
"Long, David @ 525 Koser Rd - Septic to Sewer","1990-01-01","2012-08-31","2012-09-06"
"Manheim Township Library","1990-01-01","1990-01-01","2012-09-06"
"Stauffer Park New Restroom Facility","1990-01-01","2014-05-29","2014-05-29"
"2363 Oregon Pike","1990-01-01","1990-01-01","1990-01-01"
"Lancaster Contact Lens Inc","1990-01-01","2011-08-02","2011-08-02"
"Giant Food Store #39 @ Lancaster Shopping Center","1990-01-01","1990-01-01","1990-01-01"
"Diller Tract 2009 aka Landon Way Commons","1990-01-01","1990-01-01","1990-01-01"
"Prospect Ultra Wash","1990-01-01","2010-03-18","2010-03-18"
"D & B PROPERTIES","1990-01-01","2013-07-09","2013-07-09"
"Landis Homes - South Campus","1990-01-01","1990-01-01","1990-01-01"
"Celebrate Life Christian Church","2010-04-06","2011-06-03","2011-06-03"
"Long Community at Highland Phase 1 Bldgs 2 & 3B","1990-01-01","1990-01-01","1990-01-01"
"Crossway Church of Lancaster","1990-01-01","1990-01-01","1990-01-01"
"Cox - Detached Garage Bathroom","1990-01-01","1990-01-01","1990-01-01"
"Moore Business Park Existing Bldg Septic to Sewer","2009-04-24","2010-05-10","2010-05-14"
"Shakespeare Enterprises Expansion","2008-05-25","2011-08-02","2011-08-02"
"Village Commons","1990-01-01","2010-03-08","2010-06-07"
"Campus Plaza LLC","1990-01-01","2012-08-31","2012-09-06"
"Mennonite Disaster Service","1990-01-01","2013-07-09","2013-07-09"
"Country Manor Apartments","1990-01-01","2012-08-31","2012-09-06"
"1500 Sunset Ave Lancaster Dave Costello Lot","1990-01-01","1990-01-01","1990-01-01"
"Homestead Village Expansion","1990-01-01","1990-01-01","1990-01-01"
"Centerville Square - Edward Jones Store","1990-01-01","2012-08-31","2012-09-06"
"Brethren Village Business Center Lot 2","1990-01-01","1990-01-01","1990-01-01"
"Stadel Volvo expansion","2010-10-01","2011-08-02","2011-08-02"
"Golden Meadows Park","1990-01-01","1990-01-01","1990-01-01"
"Luong Residence - Hess Blvd.","2009-12-31","2011-06-03","2011-06-03"
"26 Hess Blvd - Dave Costello lot","1990-01-01","1990-01-01","1990-01-01"
"Eden Resort Inn & Suites - Club Suite #6","1990-01-01","1990-01-01","1990-01-01"
"Ponessa Medical Massage Center","2010-10-20","2011-08-02","2011-08-02"
"Lancaster Toyota Mazda Subdivision","1990-01-01","2012-08-31","2012-09-06"
"Central Manor Elementary School additions","1990-01-01","1990-01-01","1990-01-01"
"Fulton Bank at Granite Run - Demo & Rebuild","1990-01-01","1990-01-01","1990-01-01"
"Hogan & Herr Bldrs / 152 Buch Ave Lot Subdivide","1990-01-01","1990-01-01","1990-01-01"
"638 Bean Hill Rd Lot - Kauffman","1990-01-01","1990-01-01","1990-01-01"
"Dunkin Donuts - East Petersburg","2010-02-23","2011-08-02","2011-08-02"
"Grandview Subdivision Phase 1","1990-01-01","1990-01-01","1990-01-01"
"Millers Greenhouses - Septic to Sewer","1990-01-01","2014-05-29","2014-05-29"
"Integrity Bank - 1683 Oregon Pike Site","1990-01-01","2012-08-31","2012-09-06"
"Snyder Funeral Home - Building Expansion","2010-07-09","2011-08-02","2011-08-02"
"Diener Lot - 12 Spruce Rd Mountville","1990-01-01","1990-01-01","1990-01-01"
"State Farm Office Bldg Expansion","1990-01-01","2011-06-03","2011-06-03"
"Secker, Andrew property","1990-01-01","2013-07-09","2013-07-09"
"Spring Haven - New Plan 2010","1990-01-01","1990-01-01","1990-01-01"
"Integrity Gas Station @ existing car wash","1990-01-01","2012-08-31","2012-09-13"
"Integrity Bank @ existing gas station","2010-08-24","2011-08-02","2011-08-02"
"Manheim Twp School District Landis Run Intermediate School (formerly called 5&6 grade bldg)","1990-01-01","1990-01-01","1990-01-01"
"Burkkolder, Al - 707 Petersburg Rd - Septic to Sewer","2010-08-03","2010-11-23","2010-11-24"
"Metro Bank Airport Rd c/o Brethren Village","1990-01-01","1990-01-01","1990-01-01"
"Penn Cinema Management Co. - Addition-IMAX","1990-01-01","1990-01-01","1990-01-01"
"Brooklawn Subdivision - PHASE 1","1990-01-01","1990-01-01","1990-01-01"
"Forrys Country Store Expansion","1990-01-01","1990-01-01","1990-01-01"
"Elmwood Partners Ltd Subdivision","1990-01-01","1990-01-01","1990-01-01"
"1514 Sunset Ave Lancaster Lot Hogan Residential","1990-01-01","1990-01-01","1990-01-01"
"Goss, Jeff 1717 Marietta Ave Septic to Sewer","1990-01-01","2012-08-31","2012-09-06"
"Summit Hills Lot 153 Section 4 Revised","1990-01-01","1990-01-01","1990-01-01"
"Diffenderfer Family Trust 3558-3560 Marietta Ave Apts - septic to sewer","1990-01-01","1990-01-01","1990-01-01"
"Faulkner BMW","1990-01-01","2012-08-31","2012-09-06"
"Yellow Freight Site - Rohrerstown Rd","1990-01-01","1990-01-01","1990-01-01"
"St. Anne&#039s Retirement Community","1990-01-01","1990-01-01","1990-01-01"
"Kleinsasser Subdivision - 1164 Erbs Quarry Rd","1990-01-01","1990-01-01","1990-01-01"
"Kline&#039s Services, Inc. -  Office Relocation","1990-01-01","2011-04-07","2011-04-07"
"Sycamore Builders - lot @ 915 Shreiner Ave","1990-01-01","1990-01-01","1990-01-01"
"351 Richardson LP Site Improvements","1990-01-01","1990-01-01","1990-01-01"
"391 Apple Lane Lot","2010-11-01","2011-08-02","2011-08-02"
"Millwood Homes lot @ 2323 Louxmont Dr","1990-01-01","1990-01-01","1990-01-01"
"Millwood Homes lot @ 50 Ginko Ct","1990-01-01","1990-01-01","1990-01-01"
"PPL Lancaster Washbay Addition","1990-01-01","1990-01-01","1990-01-01"
"Veranda Phase 4","1990-01-01","1990-01-01","1990-01-01"
"Rybner, Jacob Lot @ 231 Old Delp Rd","1990-01-01","1990-01-01","1990-01-01"
"Five Guys - Centerville Shopping Ctr","1990-01-01","1990-01-01","1990-01-01"
"Root&#039s Country Market & Auction, Inc.","1990-01-01","1990-01-01","1990-01-01"
"Letort Manor & Perth Hills Permitting","1990-01-01","1990-01-01","1990-01-01"
"Belfiglio Subdivision","1990-01-01","1990-01-01","1990-01-01"
"Charlotte St Single Lot","1990-01-01","1990-01-01","1990-01-01"
"Charlotte St Subdivision","1990-01-01","1990-01-01","1990-01-01"
"Manor Township CROSSGATES Permitting NOT LASA OWNED","1990-01-01","1990-01-01","1990-01-01"
"Lancaster Bible College North Campus PHASE 2A","1990-01-01","1990-01-01","1990-01-01"
"Hempfield School District Farmdale School Redo","1990-01-01","1990-01-01","1990-01-01"
"Hempfield School District Landisville Intermediate Center - NEW","1990-01-01","1990-01-01","1990-01-01"
"Diffenderfer Family Trust Subdivision","1990-01-01","1990-01-01","1990-01-01"
"Lancaster County Morgue","1990-01-01","1990-01-01","1990-01-01"
"Heagy Inc. Richard - Warehouse Expansion","1990-01-01","1990-01-01","1990-01-01"
"Genesys Controls","1990-01-01","1990-01-01","1990-01-01"
"2714 Brookfield Rd Lot","1990-01-01","1990-01-01","1990-01-01"
"Lancaster Toyota New Service Center","1990-01-01","2012-08-31","2012-09-12"
"Oral and Maxillofacial Surgery Renovation","1990-01-01","1990-01-01","1990-01-01"
"Superior Homes - 1731 Temple Ave Lot","1990-01-01","1990-01-01","1990-01-01"
"Wenger&#039s Construction 156 Stony Battery Rd lot","1990-01-01","1990-01-01","1990-01-01"
"Clutch & Go Automatic Transmissions","1990-01-01","1990-01-01","1990-01-01"
"630 Valley Road","1990-01-01","2013-07-10","2013-07-10"
"LGH - Ann B Barshinger Cancer Center","1990-01-01","1990-01-01","1990-01-01"
"5922 Pine St rear","2011-06-23","2011-08-02","2011-08-02"
"Adorers of the Blood of Christ US Region","1990-01-01","1990-01-01","1990-01-01"
"Southern Village Phase 3A","1990-01-01","1990-01-01","1990-01-01"
"Cedar Oregon Pike LLC","1990-01-01","1990-01-01","1990-01-01"
"Stonehenge Reserve PHASE 2","1990-01-01","1990-01-01","1990-01-01"
"Richter Precision Inc.","1990-01-01","1990-01-01","1990-01-01"
"Blackford Development - 4010 & 4015 Columbia Ave","1990-01-01","1990-01-01","1990-01-01"
"Members 1st Federal Credit Union","1990-01-01","2014-05-29","2014-05-29"
"Long Community at Highland Phase 2","1990-01-01","1990-01-01","1990-01-01"
"Torchia, Michael sewer extension (Old Blue Rock Rd)","1990-01-01","2014-05-12","2014-05-12"
"5100 Main Realty Subdivision Lot 1 and 2","1990-01-01","1990-01-01","1990-01-01"
"66 Keller Avenue Expansion","1990-01-01","1990-01-01","1990-01-01"
"Landis Trucking Expansion","1990-01-01","1990-01-01","1990-01-01"
"Hempfield School District  New East Petersburg Elementary","1990-01-01","1990-01-01","1990-01-01"
"Manheim Twp School Dist - Blue Streak Pavillion Facilities","1990-01-01","1990-01-01","1990-01-01"
"Hess Tract","1990-01-01","2014-05-29","2014-05-29"
"1989 Sterling Place Lot","1990-01-01","1990-01-01","1990-01-01"
"State Road Commerce Park","1990-01-01","1990-01-01","1990-01-01"
"Y & S Candies Inc - Expansion","1990-01-01","1990-01-01","1990-01-01"
"Long Community at Highland Phase 3","1990-01-01","1990-01-01","1990-01-01"
"1556 Euclid Dr Lancaster Dave Costello Lot","1990-01-01","1990-01-01","1990-01-01"
"231 Hess Blvd Lancaster Dave Costello Lot","1990-01-01","1990-01-01","1990-01-01"
"176 Chestnut St Jay Smith Lot","1990-01-01","1990-01-01","1990-01-01"
"Historic Stoner House","1990-01-01","2014-05-29","2014-05-29"
"CVS/ Centerville Square Expansion","1990-01-01","1990-01-01","1990-01-01"
"Westminster Presbyterian Church - Connection Relocate","1990-01-01","1990-01-01","1990-01-01"
"Norton, Jim L. II properties 2834 and 2910 Columbia Ave","1990-01-01","1990-01-01","1990-01-01"
"2791 Southwick Dr. - Jon Warner Homes lot","1990-01-01","1990-01-01","1990-01-01"
"Kauffman, Ben E & Robin M Subdivision","1990-01-01","1990-01-01","1990-01-01"
"Grace United Methodist Church","1990-01-01","1990-01-01","1990-01-01"
"1500 Stony Battery Rd - Convert to Apartments","1990-01-01","1990-01-01","1990-01-01"
"E. R. Martin School Rebuild - Honeysuckle Force Main","1990-01-01","1990-01-01","1990-01-01"
"Paccar Inc. Expansion","1990-01-01","1990-01-01","1990-01-01"
"Enterprise Rent-A-Car Washbay Addition","1990-01-01","1990-01-01","1990-01-01"
"Sheetz Inc - 4010 Columbia Avenue","1990-01-01","1990-01-01","1990-01-01"
"Milton Estates","1990-01-01","1990-01-01","1990-01-01"
"122 Fordney Road- Jay Stoltzfus","1990-01-01","1990-01-01","1990-01-01"
"Sylvan View Phase 1","1990-01-01","1990-01-01","1990-01-01"
"Hambright Elementary School","1990-01-01","1990-01-01","1990-01-01"
"Autohaus Lancaster - Porsche Showroom","1990-01-01","1990-01-01","1990-01-01"
"Blessed John XXII Religious Education Center","1990-01-01","1990-01-01","1990-01-01"
"Calvary Fellowship Homes Lot Consolidation","1990-01-01","1990-01-01","1990-01-01"
"Hunger-N-Thirst","1990-01-01","1990-01-01","1990-01-01"
"Stone House Place","1990-01-01","1990-01-01","1990-01-01"
"Fern Hill Ventures LP - 601 S. Sixteenth St.","1990-01-01","1990-01-01","1990-01-01"
"Alcoa/ Alumax Mill Products Truck Scale","1990-01-01","1990-01-01","1990-01-01"
"Rutter&#039s Farm Store #23 - US 30 & Stony Battery Rd","1990-01-01","1990-01-01","1990-01-01"
"Overlook Town Center - mixed use - Commercial","1990-01-01","1990-01-01","1990-01-01"
"Overlook Town Center - mixed use - Residential","1990-01-01","1990-01-01","1990-01-01"
"Landis Valley Sewer Extension Permitting","1990-01-01","1990-01-01","1990-01-01"
"141 Sunrise Ave - Kenneth Homes lot","1990-01-01","1990-01-01","1990-01-01"
"Regency Square Lot 19","1990-01-01","1990-01-01","1990-01-01"
"340 Roseville Road West","1990-01-01","1990-01-01","1990-01-01"
"Landis Farm","1990-01-01","1990-01-01","1990-01-01"
"David Charles Tract subdivision in Manor Twp","1990-01-01","1990-01-01","1990-01-01"
"Echo Valley Ln Lot","1990-01-01","1990-01-01","1990-01-01"
"Spooky Nook Sports","1990-01-01","1990-01-01","1990-01-01"
"Lime Springs Farm","1990-01-01","1990-01-01","1990-01-01"
"Village Commons - Redo","1990-01-01","1990-01-01","1990-01-01"
"1611 Oregon Pike - lot subdivision","1990-01-01","1990-01-01","1990-01-01"
"Carper, Kenneth L. Sr. - 2 Regal Alley & 4 Regal Alley - NOW Ironstone Homes Lots","1990-01-01","1990-01-01","1990-01-01"
"Grandview Subdivision Phase 2","1990-01-01","1990-01-01","1990-01-01"
"Eden Resort 3rd Floor Expansion","1990-01-01","1990-01-01","1990-01-01"
"Lancaster Airport Authority Ambulance/ Balloonport Bldg","1990-01-01","1990-01-01","1990-01-01"
"All Size Corrugated - New Bldg","1990-01-01","1990-01-01","1990-01-01"
"Stonehenge Reserve PHASE 3","1990-01-01","1990-01-01","1990-01-01"
"Pop-It Graphics","1990-01-01","2013-10-29","2013-10-29"
"WEE CARE DAY SCHOOL (formerly East Pete Daycare Ctr)","1990-01-01","1990-01-01","1990-01-01"
"396 Buch Ave - Ironstone Homes LLC","1990-01-01","1990-01-01","1990-01-01"
"Essex Court","1990-01-01","1990-01-01","1990-01-01"
"Hempfield School District Landisville Education Center - LEC","1990-01-01","1990-01-01","1990-01-01"
"1149 Aquilla Dr - Ironstone Homes LLC","1990-01-01","1990-01-01","1990-01-01"
"East Petersburg Boro - Nitrate Plant","1990-01-01","1990-01-01","1990-01-01"
"FERN LN Subdivision - Pete Alecxih","1990-01-01","1990-01-01","1990-01-01"
"HILLCREST AVE Subdivision - Pete Alecxih","1990-01-01","1990-01-01","1990-01-01"
"Manheim Twp School Dist - Maintenance Bldg","1990-01-01","1990-01-01","1990-01-01"
"Quattro Development LLC","1990-01-01","1990-01-01","1990-01-01"
"Brunswick Farms Apartments","1990-01-01","1990-01-01","1990-01-01"
"Hahn Farming Enterprises 3 Lot Subdivision","1990-01-01","1990-01-01","1990-01-01"
"Turkey Hill Prospect Rd Renovation","1990-01-01","1990-01-01","1990-01-01"
"Brethren Village Fieldcrest Cottages 13 IDU&#039s","1990-01-01","1990-01-01","1990-01-01"
"Grandview Center - mixed use","1990-01-01","1990-01-01","1990-01-01"
"Lime Springs Farm - QBP - Quality Bicycle Products","1990-01-01","1990-01-01","1990-01-01"
"Herman, Donald & Jacquelyn subdivision 1059 Sylvan Rd","1990-01-01","1990-01-01","1990-01-01"
"Benecon","1990-01-01","1990-01-01","1990-01-01"
"Perate lot - 1246 Harrisburg Pk","1990-01-01","1990-01-01","1990-01-01"
"Landis Valley LP 2660 Oregon Pk residence septic to sewer","1990-01-01","1990-01-01","1990-01-01"
"Park City Apartments","1990-01-01","1990-01-01","1990-01-01"
"Manheim Twp School Dist - Neffsville IU 13","1990-01-01","1990-01-01","1990-01-01"
"Hillcrest Ave Lot - C&F Inc (Fabio Pini) 1526 Hillcrest Ave","1990-01-01","1990-01-01","1990-01-01"
"Neurology & Stroke Assocs. - MRI Addition","1990-01-01","1990-01-01","1990-01-01"
"Woods Edge Ph 2 Sect 4 Subdivision Plan REVISION","1990-01-01","1990-01-01","1990-01-01"
"Lancaster Bible College - New Academic Bldg","1990-01-01","1990-01-01","1990-01-01"
"Historic Stone House Moving Project - Mark Ashley","1990-01-01","1990-01-01","1990-01-01"
"543 Champ Blvd. - Hotel  (Toews)","1990-01-01","1990-01-01","1990-01-01"
"Landis Homes South Campus Expand 2014","1990-01-01","1990-01-01","1990-01-01"
"St. Anne&#039s Retirement Community Expand. 2014","1990-01-01","1990-01-01","1990-01-01"
"1101 Central Manor Rd (septic to sewer)","1990-01-01","1990-01-01","1990-01-01"
"Mohn lot subdivide @ 1431 Hunsecker Rd","1990-01-01","1990-01-01","1990-01-01"
"Settlements East","1990-01-01","1990-01-01","1990-01-01"
"VOID - duplicate Existing Log #13-813","1990-01-01","1990-01-01","1990-01-01"
"Fairmont Subdivision Phase 1","1990-01-01","1990-01-01","1990-01-01"
"Stone Fence","1990-01-01","1990-01-01","1990-01-01"
"Moove In Partners 741 LP (septic to sewer)","1990-01-01","1990-01-01","1990-01-01"
"Lancaster Country Day School Expansion","1990-01-01","1990-01-01","1990-01-01"
"J&S Property - 101 W Main St Salunga","1990-01-01","1990-01-01","1990-01-01"
"Hess Home Bldrs Lot - 708 Tusitala Drive","1990-01-01","1990-01-01","1990-01-01"
"Lancaster Bible College - New Residence Hall","1990-01-01","1990-01-01","1990-01-01"
