Name, TOI, IAR, ICR, IED, SFF, DODD, ABR
"Sandlewood Townhomes (TEST)","N/A","1990-01-01","1990-01-01","1990-01-01","2","1990-01-01","1990-01-01"
"Commerce Bank - Manheim Pike",,"1990-01-01","1990-01-01","1990-01-01","0","1990-01-01","1990-01-01"
"Penn Cinema","Standard","2006-05-25","2006-05-30","2006-12-31","0","1990-01-01","1990-01-01"
"Arbors at Spring Valley","Standard","2006-06-12","2008-10-02","2011-10-06","0","2008-05-22","2007-05-31"
"Kissinger Subdivision","Township Road","2007-10-23","2007-10-30","2008-06-20","0","1990-01-01","1990-01-01"
"Carrington Subdivision","Township Road","2006-09-05","2006-09-22","2009-07-01","0","2008-09-29","2008-08-14"
"Diller Tract","State Road","1990-01-01","1990-01-01","1990-01-01","0","1990-01-01","1990-01-01"
"Worthington (Rockview) Subdivision - Residential","Standard","2008-09-18","2008-09-15","2013-06-30","0","1990-01-01","1990-01-01"
"Chatsworth","Township Road","2008-01-15","2008-10-01","2011-10-06","0","2008-09-29","2008-08-15"
"Stone Mill Estates (Bridle Estates)","Township Road","2007-09-18","2007-09-21","2012-06-30","0","2009-10-08","2009-06-16"
"Manor Oaks Lot 146","Township Road","2006-10-03","2008-05-21","2009-05-11","0","2007-10-03","2007-08-20"
"Eagles View 1B",,"1990-01-01","1990-01-01","1990-01-01","0","2007-07-26","1990-01-01"
"Wetherburn Commons","Standard","2006-06-16","2006-06-30","2013-07-01","0","2009-03-10","2009-01-27"
"Southern Village Phase 1","State Road","2005-05-25","2006-03-23","2006-10-01","2","1990-01-01","1990-01-01"
"SIM Properites","Township Road","2006-03-31","2006-06-19","2007-01-01","0","1990-01-01","1990-01-01"
"Winchelsea (Hynicka Tract)","Township Road","2007-07-20","2007-06-26","2008-06-30","0","2008-04-28","2008-03-18"
"Al Hamiltion Family LP 2","State Road","2006-10-09","1990-01-01","1990-01-01","0","1990-01-01","1990-01-01"
"Timson Place","State Road","2007-03-01","2007-02-26","2007-10-01","1","2008-09-03","2008-12-02"
"D.A.D. Enterprises, Inc.","Standard","2006-05-25","2006-05-26","2007-01-01","0","1990-01-01","2007-04-09"
"Abel Drive Lot 8   (3912)","N/A","1990-01-01","1990-01-01","1990-01-01","0","1990-01-01","1990-01-01"
"Brethren Villiage- Village Garden Apartments II","Township Road","2006-01-20","2007-10-01","2008-10-01","0","1990-01-01","1990-01-01"
"Fruitville Business Park Subdivision","State Road","1990-01-01","1990-01-01","1990-01-01","0","1990-01-01","1990-01-01"
"Parkfield - Phase 1","Standard","2003-10-27","2004-06-30","2005-07-01","0","2008-09-03","2005-02-08"
"Mews at Homestead","State Road","1990-01-01","1990-01-01","1990-01-01","0","2013-07-02","1990-01-01"
"Village Grande @ Millers Run","State Road","1990-01-01","1990-01-01","2008-04-30","0","2008-09-03","2008-07-21"
"Brighton Commercial",,"1990-01-01","1990-01-01","1990-01-01","0","1990-01-01","1990-01-01"
"Penns Crossing","Standard","2005-03-10","2005-02-23","2005-07-01","0","2011-08-02","2007-12-12"
"Farm on Quarry Road","Township Road","2005-09-22","2006-10-02","2007-10-06","0","1990-01-01","2006-07-05"
"Chaddsford Estates",,"1990-01-01","1990-01-01","1990-01-01","0","1990-01-01","1990-01-01"
"Millstone Village (Hershey Mill East)","Township Road","2005-06-20","2006-06-29","2007-07-01","1","2007-01-30","2006-10-26"
"Manor Heights","Township Road","2005-08-12","2005-08-12","2006-06-01","0","2008-06-30","2007-08-20"
"Landis Estates","Township Road","2005-09-15","2006-06-29","2007-07-01","0","2006-08-02","2006-03-18"
"Porter Tract (Meadow Run)","Township Road","2005-05-10","2005-04-27","2006-10-06","0","1990-01-01","1990-01-01"
"Windemere Place",,"1990-01-01","1990-01-01","1990-01-01","0","1990-01-01","1990-01-01"
"Woods Edge",,"1990-01-01","2011-11-14","2012-12-01","0","1990-01-01","1990-01-01"
"Twin Oaks Hollow",,"2005-10-10","2005-06-27","1990-01-01","0","2005-12-22","2005-10-25"
"Windsor Court",,"1990-01-01","1990-01-01","1990-01-01","0","1990-01-01","1990-01-01"
"Sunset Ridge 1","State Road","1990-01-01","1990-01-01","1990-01-01","0","2013-10-29","1990-01-01"
"Rosewood",,NULL,NULL,NULL,"0",NULL,NULL
"Manor Oaks Remaining Lands Section 3","Standard","2005-12-22","2005-12-22","2006-05-11","0","2006-08-30","2006-08-01"
"Westwood Green",,"1990-01-01","1990-01-01","1990-01-01","0","2009-03-31","2005-01-03"
"Union Nation Bank- Gold Cafe",,"1990-01-01","1990-01-01","1990-01-01","0","1990-01-01","1990-01-01"
"DH Funk Lot 1",,"1990-01-01","1990-01-01","1990-01-01","0","1990-01-01","1990-01-01"
"Woods Edge Villas at Sutherland",,"1990-01-01","2008-12-18","2010-12-01","0","1990-01-01","1990-01-01"
"Rental Service Corporation","Township Road","2006-02-16","2006-04-19","2006-08-14","0","1990-01-01","1990-01-01"
"Brethren Village-Fieldcrest Cottages Phase III",,"1990-01-01","1990-01-01","1990-01-01","0","1990-01-01","1990-01-01"
"Stonemill Estates","N/A","1990-01-01","1990-01-01","1990-01-01","0","1990-01-01","1990-01-01"
"Eastland Land Development Subdivision","Township Road","2006-01-16","2006-06-29","2007-07-01","0","2007-05-30","2007-04-27"
"Del Boca Vista",,"1990-01-01","1990-01-01","1990-01-01","0","1990-01-01","1990-01-01"
"Manor Blvd. Subdivision","Standard","1990-01-01","1990-01-01","1990-01-01","0","1990-01-01","1990-01-01"
"Knight, Bernice","Township Road","2006-05-26","2006-05-26","2007-04-01","0","1990-01-01","1990-01-01"
"Penn Manor Comet Field","Township Road","2006-07-24","2006-07-24","2007-01-01","0","1990-01-01","1990-01-01"
"Noll Drive Associates","Township Road","2006-01-23","2006-01-23","2009-10-01","0","2007-06-13","2006-03-17"
"Bantam Lane","State Road","2007-04-02","2007-04-04","2007-07-01","0","2009-08-27","2008-03-20"
"Kline&#039s Services, Inc. - Residual Bldg.",,"1990-01-01","1990-01-01","1990-01-01","0","1990-01-01","1990-01-01"
"Page, Dave & Cindy","State Road","2006-07-10","2006-07-10","2007-05-20","0","1990-01-01","1990-01-01"
"Boshnaugle, Donald 202 Sylvan Retreat Road",,"1990-01-01","1990-01-01","1990-01-01","0","1990-01-01","1990-01-01"
"Hess 3868 Columbia Avenue - Commercial","Standard","2006-10-12","2006-11-01","2007-11-01","1","1990-01-01","1990-01-01"
"Jung, Gary A. - Lot Sub. - Stonehenge Dr.","Township Road","2006-10-12","2006-10-17","2007-10-12","0","1990-01-01","1990-01-01"
"Southern Village Phase 2","State Road","2006-06-12","2006-06-29","2007-07-01","2","2007-03-27","2007-02-20"
"Edington Place formerly Honeysuckle Lane Subdivision","Township Road","2007-04-12","2010-05-11","2010-10-19","0","2013-04-03","2008-05-30"
"Rettew - 3020 Associates Addition","Standard","2011-01-20","2011-01-20","2011-12-31","0","1990-01-01","1990-01-01"
"It&#039s A Grind Coffee Shop",,"1990-01-01","1990-01-01","1990-01-01","0","1990-01-01","1990-01-01"
"Lausch Lane Lot 2",,"1990-01-01","1990-01-01","1990-01-01","0","1990-01-01","1990-01-01"
"Landings at Eagle Heights (Final Ph)","Standard","2007-01-18","2007-01-23","2007-10-01","0","2008-10-28","2007-02-01"
"Hershey Mill Manor (Hershey Mill West)","Township Road","2005-06-20","2006-06-29","2007-07-01","1","2007-01-30","2006-10-26"
"Cedar Chase","State Road","2005-07-19","2005-07-19","2005-08-24","0","2006-08-01","2006-03-05"
"Lancaster Toyota Mazda Collision Center",,"1990-01-01","1990-01-01","1990-01-01","0","1990-01-01","1990-01-01"
"Eagle Heights","Township Road","2003-03-12","1990-01-01","1990-01-01","0","2006-10-31","2004-05-11"
"MISCELLANEOUS PROJECT PERMITS",,"1990-01-01","1990-01-01","1990-01-01","0","1990-01-01","1990-01-01"
"Cibo Pizza and Grille",,"1990-01-01","1990-01-01","1990-01-01","0","1990-01-01","1990-01-01"
"Lancaster General  Campus W&B and Rehab Hospital","State Road","2006-08-23","2006-08-23","2006-10-01","0","1990-01-01","1990-01-01"
"Lancaster General Campus Ambulatory Surgery Center","State Road","2006-08-15","1990-01-01","1990-01-01","0","1990-01-01","1990-01-01"
"Kissel Hill Commons Phase 3 - Final Phase","Township Road","2005-09-09","2006-06-30","2009-07-01","0","2008-05-22","2006-03-01"
"Parkridge","State Road","2006-02-15","2006-04-27","2006-10-01","0","2006-11-30","2006-11-07"
"Commerce Bank - Golden Triangle","Standard","2006-02-17","2006-10-27","2007-10-30","0","1990-01-01","1990-01-01"
"Homewood Suites","Township Road","2007-04-24","2007-04-26","2009-03-18","0","1990-01-01","1990-01-01"
"Walgreens - Golden Triangle",,"1990-01-01","1990-01-01","1990-01-01","0","1990-01-01","1990-01-01"
"65 Meadow Ln","Standard","2006-07-07","2006-07-07","2006-10-06","0","1990-01-01","1990-01-01"
"Jay Group - Stony Battery Corp Center",,"1990-01-01","1990-01-01","1990-01-01","0","1990-01-01","1990-01-01"
"Treztark II LTD (Stony Battery Commerce Ctr Ph 4)","Township Road","1990-01-01","1990-01-01","1990-01-01","0","1990-01-01","1990-01-01"
"Jay Group (Stony Battery Corp Center Lot 11)",,"1990-01-01","1990-01-01","1990-01-01","0","1990-01-01","1990-01-01"
"Landale (formerly Landis Tract)","Township Road","2004-09-24","2006-04-21","2007-04-17","0","2011-05-09","2005-05-18"
"Veranda Phase 2 and 3","Standard","2005-07-19","2005-07-19","2006-07-01","0","2008-04-03","2007-01-12"
"Sunset Ridge 2  (formerly Crescent Ridge / Beiler)","Township Road","2007-03-08","2007-03-15","2007-07-01","0","2008-12-23","2008-10-27"
"Kissel Hill Commons - LOT #287 - Commercial",,"1990-01-01","1990-01-01","1990-01-01","0","1990-01-01","1990-01-01"
"Triple H Construction","Standard","2006-11-29","2008-06-23","2010-12-31","0","1990-01-01","1990-01-01"
"Manor Oaks Phase 1,2,3 and 3A",,"1990-01-01","1990-01-01","1990-01-01","0","1990-01-01","1990-01-01"
"Veranda Phase 1","Township Road","2004-02-20","2005-05-05","2006-05-01","0","2005-03-15","2005-03-01"
"Pappas-2 lots (Dorsea Rd & Springvalley Rd)","Township Road","1990-01-01","1990-01-01","1990-01-01","0","1990-01-01","1990-01-01"
"NGUYEN  Lot @ 1750 Sammar Rd","Township Road","2006-09-06","2006-09-05","2007-08-08","0","1990-01-01","1990-01-01"
"1896 Millersville Rd Subdivision","Township Road","1990-01-01","1990-01-01","1990-01-01","0","1990-01-01","1990-01-01"
"Fanelli, Gary - 12 Druid Circle lot",,"1990-01-01","1990-01-01","1990-01-01","0","1990-01-01","1990-01-01"
"Murry South Centerville Road Walmart","Standard","1990-01-01","1990-01-01","1990-01-01","0","1990-01-01","1990-01-01"
"Church of Jesus Christ of Latter-Day Saints","Standard","2010-03-12","2010-04-22","2010-07-01","0","1990-01-01","1990-01-01"
"Brod, Roy lot @70 Valley Rd.","State Road","2006-09-26","2006-09-28","2007-07-01","0","1990-01-01","1990-01-01"
"Severn Tract","Township Road","2006-01-06","2006-01-06","2006-08-26","0","2006-12-28","2006-12-06"
"Parkfield - Phase 2","Standard","2006-11-21","2006-11-01","2007-07-01","0","2008-09-03","2008-06-24"
"Bethel Commons","Township Road","2007-03-12","2007-03-12","2007-11-29","0","2010-03-03","2009-09-02"
"3050 Yellow Goose Rd - Office",,"1990-01-01","1990-01-01","1990-01-01","0","1990-01-01","1990-01-01"
"Hempfield Crossing Phase 1 (formerly Wissler Tract","Township Road","2008-01-30","2008-09-25","2014-10-01","0","2008-11-25","2008-10-02"
"Blossom Hill Mennonite Church",,"1990-01-01","1990-01-01","1990-01-01","0","1990-01-01","1990-01-01"
"DeGeorge lot @ 1790 State St.","Township Road","2006-12-13","2006-12-13","2007-10-06","0","1990-01-01","1990-01-01"
"DeGeorge lot @ 530 Garden Hill Lane","Township Road","2006-11-20","2006-11-20","2007-10-20","0","1990-01-01","1990-01-01"
"Fairway Drive Subdivision","Township Road","2007-01-12","2007-01-12","2007-10-13","0","1990-01-01","1990-01-01"
"Heisey, Michael - Apts @ 686 Bean Hill Rd.","Township Road","2006-12-18","2006-12-18","2008-01-01","0","1990-01-01","1990-01-01"
"1015 Wheaton Dr. lot","Township Road","2006-12-29","2006-12-29","2007-06-20","0","1990-01-01","1990-01-01"
"Tobacco Road Condos",,"1990-01-01","2007-01-03","2008-01-01","0","1990-01-01","1990-01-01"
"Ruby Tuesday Inc.","Township Road","1990-01-01","1990-01-01","1990-01-01","0","1990-01-01","1990-01-01"
"Ritas Italian Ice","Standard","1990-01-01","1990-01-01","1990-01-01","0","1990-01-01","1990-01-01"
"Preserve at Silver Spring - Residential",,"1990-01-01","1990-01-01","1990-01-01","0","1990-01-01","1990-01-01"
"Preserve at Silver Spring - Commercial","State Road","2008-10-30","2008-10-30","2011-07-01","0","1990-01-01","1990-01-01"
"Broomell Residence (Spring Valley Rd.)","Township Road","2009-04-30","2009-04-30","2011-10-06","0","1990-01-01","1990-01-01"
"Imperial Homes - 2774 Kreider Rd.",,"1990-01-01","1990-01-01","1990-01-01","0","1990-01-01","1990-01-01"
"Orthopedic Assoc - North Pointe",,"1990-01-01","1990-01-01","1990-01-01","0","1990-01-01","1990-01-01"
"Spring Haven",,"1990-01-01","1990-01-01","1990-01-01","0","1990-01-01","1990-01-01"
"730 Eden Road Office Bldg.","Township Road","2008-05-02","2008-10-01","2009-10-01","0","1990-01-01","2009-06-30"
"Calvary Church Expansion  (MHT)",,"1990-01-01","1990-01-01","1990-01-01","0","1990-01-01","1990-01-01"
"Bloomfield Village","Standard","2007-01-26","2008-10-01","2010-10-06","0","1990-01-01","1990-01-01"
"3816 Concordia Rd. (Dave Charles)","Township Road","2006-12-21","2006-12-21","2007-10-13","0","1990-01-01","1990-01-01"
"Mariani - Office Bldg - 501 Rohrerstown Rd.",,"1990-01-01","1990-01-01","1990-01-01","0","1990-01-01","1990-01-01"
"Summit Hills - Portion of Phases 3 & 4","Township Road","2007-03-01","2007-03-05","2007-10-02","0","1990-01-01","2008-02-27"
"F& M Athletic Field Restrooms","State Road","2006-03-13","2006-03-13","2006-10-05","0","1990-01-01","1990-01-01"
"Apria Healthcare Facility",,"1990-01-01","1990-01-01","1990-01-01","0","1990-01-01","1990-01-01"
"Autohouse of Lancaster",,"1990-01-01","1990-01-01","1990-01-01","0","1990-01-01","1990-01-01"
"Binkley Ober 1501 Graystone Road",,"1990-01-01","1990-01-01","1990-01-01","0","1990-01-01","1990-01-01"
"Stauffers of Kissel Hill  (Rohrerstown Rd)","Standard","2008-07-24","2008-07-24","2011-02-01","0","1990-01-01","1990-01-01"
"Bent Creek",,"1990-01-01","1990-01-01","1990-01-01","0","1990-01-01","1990-01-01"
"Brighton Residential",,"1990-01-01","1990-01-01","1990-01-01","0","1990-01-01","1990-01-01"
"Chadwyck Estates",,"1990-01-01","1990-01-01","1990-01-01","0","1990-01-01","1990-01-01"
"Kissel Hill Commons - LOT #287 - Residential",,"1990-01-01","1990-01-01","1990-01-01","0","1990-01-01","1990-01-01"
"Laurel Pond (Milton Estates)",,"1990-01-01","1990-01-01","1990-01-01","0","1990-01-01","1990-01-01"
"Mondamin Farm",,"1990-01-01","1990-01-01","1990-01-01","0","1990-01-01","1990-01-01"
"Oldefield",,"1990-01-01","1990-01-01","1990-01-01","0","1990-01-01","1990-01-01"
"Stonehenge",,"1990-01-01","1990-01-01","1990-01-01","0","1990-01-01","1990-01-01"
"Wellesley Manor",,"1990-01-01","1990-01-01","1990-01-01","0","1990-01-01","1990-01-01"
"Willowbend Estates",,"1990-01-01","1990-01-01","1990-01-01","0","2007-03-05","2004-03-01"
"Golden Triangle Apartments","Township Road","2005-12-01","2006-10-01","2005-10-20","0","1990-01-01","1990-01-01"
"Manheim Township High School","Standard","2006-05-04","2008-12-24","2010-05-01","0","2009-03-31","2009-02-27"
"Sylvan Retreat Road Lots","Standard","2007-11-08","2007-11-09","2008-10-01","0","2008-05-22","2008-05-02"
"Roseville Realty Co.","Standard","2009-04-24","2010-04-09","2014-04-09","0","1990-01-01","1990-01-01"
"329 East New St. lot - Mountville","Township Road","2007-06-05","2007-04-10","2008-04-09","1","1990-01-01","1990-01-01"
"331 East New St. lot - Mountville","Township Road","2007-06-05","2007-04-10","2009-04-09","1","1990-01-01","1990-01-01"
"Stoltzfus, Benuel Subdivision - Farmdale Rd","Township Road","1990-01-01","1990-01-01","1990-01-01","0","1990-01-01","1990-01-01"
"Airport Industrial Park - Lot 33","Standard","2007-09-19","2007-09-18","2008-08-14","0","1990-01-01","1990-01-01"
"Lincoln West Apts - Temporary Trailers","Standard","2007-06-26","2009-12-31","2010-12-31","0","1990-01-01","1990-01-01"
"Hempfield Hill Estates",,"1990-01-01","1990-01-01","1990-01-01","0","1990-01-01","1990-01-01"
"Eshelman Trust Lot - 145 Weaver Rd","Township Road","2007-05-21","1990-01-01","1990-01-01","0","1990-01-01","1990-01-01"
"Hempfield Commons - Residential",,"1990-01-01","2008-10-01","2011-10-06","0","1990-01-01","1990-01-01"
"Fruitville Day Care Center","Township Road","2007-08-16","2007-08-16","2009-08-01","0","1990-01-01","1990-01-01"
"Sarsen Drive","Township Road","2006-01-06","2006-11-04","2006-10-13","0","1990-01-01","2007-05-31"
"17 Roselawn Avenue","Township Road","2007-05-07","2007-05-18","2007-07-25","0","1990-01-01","1990-01-01"
"Hempfield Commons - Commercial",,"1990-01-01","1990-01-01","1990-01-01","0","1990-01-01","1990-01-01"
"Tingley Lot - 781 Prospect Rd","State Road","1990-01-01","1990-01-01","1990-01-01","0","1990-01-01","1990-01-01"
"Kissel Hill Commons - LOT #308 Community Bldg","Township Road","2007-09-10","2007-10-01","2008-10-06","0","1990-01-01","1990-01-01"
"Kleine Property",,"1990-01-01","2008-12-17","2009-12-31","0","1990-01-01","1990-01-01"
"1632 Temple Ave (Dave Charles lot)","Township Road","2012-05-03","2012-05-04","2012-10-01","0","1990-01-01","1990-01-01"
"Blank, John Lot @ 260 Lania Drive",,"1990-01-01","1990-01-01","1990-01-01","0","1990-01-01","1990-01-01"
"Brethren Village - Covenant Crossing","Standard","2007-11-26","2007-11-26","2009-04-01","0","1990-01-01","1990-01-01"
"3296 Marietta Ave (Carol A Wile)",,"1990-01-01","1990-01-01","1990-01-01","0","1990-01-01","1990-01-01"
"Independence Residential",,"1990-01-01","1990-01-01","1990-01-01","0","1990-01-01","1990-01-01"
"Independence Commercial",,"1990-01-01","1990-01-01","1990-01-01","0","1990-01-01","1990-01-01"
"Bradford Run",,"1990-01-01","1990-01-01","1990-01-01","0","1990-01-01","1990-01-01"
"K & W Tire","Standard","1990-01-01","1990-01-01","1990-01-01","0","1990-01-01","1990-01-01"
"LIFT INC","Township Road","2007-11-26","2007-10-29","2010-12-31","0","1990-01-01","1990-01-01"
"64 Elizabeth St Landisville","Township Road","2007-08-17","2007-08-17","2007-08-24","0","1990-01-01","1990-01-01"
"Highland Presbyterian Church Add. & Renovations",,"1990-01-01","1990-01-01","1990-01-01","0","1990-01-01","1990-01-01"
"Towne Centre at Wetherburn - Commercial","N/A","1990-01-01","2007-10-11","2008-07-01","0","2009-03-10","2009-01-27"
"Moore Business Park","Township Road","2010-09-20","2010-09-16","2011-06-30","0","1990-01-01","1990-01-01"
"Sauder Tract Final Subdivision","State Road","2008-05-20","2008-05-20","2008-10-06","0","1990-01-01","1990-01-01"
"City of Lancaster Susquehanna WTP","Township Road","2009-11-02","2009-12-29","2010-05-25","0","1990-01-01","1990-01-01"
"Marietta Ave Apartments (Gehman)","State Road","2009-06-19","2009-06-25","2010-01-23","0","1990-01-01","1990-01-01"
"Crossings at Conestoga Creek (The)","Standard","1990-01-01","1990-01-01","1990-01-01","0","1990-01-01","1990-01-01"
"Brekland Subdivision","Township Road","1990-01-01","1990-01-01","1990-01-01","0","1990-01-01","1990-01-01"
"Herr, Christopher @ 182 Buch Avenue","Township Road","1990-01-01","1990-01-01","1990-01-01","0","1990-01-01","1990-01-01"
"Brighton Commercial - Lot 87","Standard","2008-03-25","2008-04-06","2008-12-31","0","1990-01-01","1990-01-01"
"Woods Edge Phase 2 Section 4","Standard","2010-10-11","2010-10-14","2011-10-01","0","2011-12-23","2011-10-25"
"Montessori Academy Additions",,"1990-01-01","1990-01-01","1990-01-01","0","1990-01-01","1990-01-01"
"Newell, Elizabeth 1676 New Holland Pike","Standard","2007-11-02","2007-11-02","2008-09-01","0","1990-01-01","1990-01-01"
"CarMax Store #7233","State Road","2008-07-10","2011-04-19","2011-07-01","0","2013-03-06","2012-12-06"
"Towne Centre at Wetherburn - Residential",,"1990-01-01","1990-01-01","1990-01-01","0","1990-01-01","1990-01-01"
"2257 Lititz Pk Subdivision (Harris Tract)","Standard","2008-09-04","2012-05-23","2013-08-16","0","1990-01-01","1990-01-01"
"216 Ironstone Ridge Rd. Subdivision","Township Road","1990-01-01","1990-01-01","1990-01-01","0","1990-01-01","1990-01-01"
"3790 Marietta Avenue-David Kline 1 Lot Subdivision","State Road","2008-08-07","2008-08-28","2012-04-29","0","1990-01-01","1990-01-01"
"Mennonite Home Renovations",,"1990-01-01","1990-01-01","1990-01-01","0","1990-01-01","1990-01-01"
"Stonehenge Reserve PHASE 1","Standard","2010-03-26","2010-02-25","2010-08-01","0","2013-04-03","2011-07-27"
"Park Plaza Hotel - Renovations",,"1990-01-01","1990-01-01","1990-01-01","0","1990-01-01","1990-01-01"
"John R Shaeffer Inc (DBA Exxon Carwash)",,"1990-01-01","1990-01-01","1990-01-01","0","1990-01-01","1990-01-01"
"Springbrook Annex Subdivision","Township Road","2009-05-22","2009-04-20","2010-01-01","0","2010-03-30","1990-01-01"
"Haydn Manor Phase 1","Township Road","2009-06-17","2009-06-17","2010-07-01","0","2014-04-29","2010-05-05"
"Papetti Holding Co Tract",,"1990-01-01","1990-01-01","1990-01-01","0","1990-01-01","1990-01-01"
"1111 Erbs Quarry Road (Paul Brown)","Standard","2008-02-29","2008-03-03","2009-07-01","0","2008-09-03","2008-08-14"
"Hempfield Crossing Phase 2","Standard","2010-03-09","2010-03-11","2014-10-01","0","2010-08-31","2010-08-04"
"Parkfield - Phase 3","Standard","2012-05-29","2014-04-21","2015-04-14","0","2013-10-04","2013-08-16"
"Old Delp Road Drainage Improvements",,"1990-01-01","1990-01-01","1990-01-01","0","1990-01-01","1990-01-01"
"Laurelfield",,"1990-01-01","1990-01-01","1990-01-01","0","1990-01-01","1990-01-01"
"RLPS Architects Office Bldg","Standard","2011-11-04","2011-11-07","2012-10-06","0","2013-04-04","2013-03-05"
"Nolt, Frank (lot @ 1023 Fruitville Pk)","Standard","2008-08-26","2008-08-27","2009-08-01","0","1990-01-01","1990-01-01"
"Bucher Elementary School addition","Standard","2009-01-29","2009-01-23","2010-12-01","0","1990-01-01","1990-01-01"
"1219 Stevens St - from Septic to Sewer","Township Road","2008-06-24","2008-06-24","2009-03-22","0","1990-01-01","1990-01-01"
"Bent Creek Tennis Court / Pro Shop",,"1990-01-01","1990-01-01","1990-01-01","0","1990-01-01","1990-01-01"
"Newcomer, Earl & Ruth Subdivision","Standard","2008-08-18","2008-08-21","2012-10-06","0","1990-01-01","1990-01-01"
"Kline&#039s Services, Inc. - Office Building",,"1990-01-01","1990-01-01","1990-01-01","0","1990-01-01","1990-01-01"
"Brethren Village Maintenance Bldg on east side",,"1990-01-01","1990-01-01","1990-01-01","0","1990-01-01","1990-01-01"
"Cheswicke Towne Center - Commercial",,"1990-01-01","1990-01-01","1990-01-01","0","1990-01-01","1990-01-01"
"Kline&#039s Services, Inc. - Food to Fuel Building",,"1990-01-01","1990-01-01","1990-01-01","0","1990-01-01","1990-01-01"
"Lancaster General Focused Expansion at Women & Babies Hospital",,"1990-01-01","1990-01-01","1990-01-01","0","1990-01-01","1990-01-01"
"Hess 3868 Columbia Avenue - Residential",,"1990-01-01","1990-01-01","1990-01-01","0","1990-01-01","1990-01-01"
"Worthington (Rockview) Subdivision - Commercial",,"1990-01-01","1990-01-01","1990-01-01","0","1990-01-01","1990-01-01"
"Young, Steven & Jennifer",,"1990-01-01","1990-01-01","1990-01-01","0","1990-01-01","1990-01-01"
"Dairy Road Site Subdivision",,"1990-01-01","1990-01-01","1990-01-01","0","1990-01-01","1990-01-01"
"Penn Cinema Expansion",,"1990-01-01","1990-01-01","1990-01-01","0","1990-01-01","1990-01-01"
"Cheswicke Towne Center - Residential",,"1990-01-01","1990-01-01","1990-01-01","0","1990-01-01","1990-01-01"
"1573 Linden Ave Lot","Township Road","2008-06-13","2008-06-13","2009-08-24","0","1990-01-01","1990-01-01"
"Miller J.A. & W.N. Family Limited Partnership",,"1990-01-01","1990-01-01","1990-01-01","0","1990-01-01","1990-01-01"
"Wheatland Federal Credit Union",,"1990-01-01","1990-01-01","1990-01-01","0","1990-01-01","1990-01-01"
"Granite Run Town Center",,"1990-01-01","1990-01-01","1990-01-01","0","1990-01-01","1990-01-01"
"Marietta Ave 2 Existing Dwellings to Connect (3212 & 3228 Marietta Ave)","State Road","2011-04-28","2011-04-28","2012-01-23","0","1990-01-01","1990-01-01"
"141 Manor Church Rd & 2 Sparrow Ln","Township Road","2008-08-14","2008-08-14","2008-10-06","0","2010-03-30","2008-12-30"
"Garber Scale & Calibration","Standard","2009-06-30","2009-06-30","2011-08-14","0","1990-01-01","1990-01-01"
"Overlook Park Golf Maintenance Bldg","Standard","2009-02-09","2009-02-11","2010-10-01","0","1990-01-01","1990-01-01"
"Moove In Storage",,"1990-01-01","1990-01-01","1990-01-01","0","1990-01-01","1990-01-01"
"Alpha Charlie Hangar",,"1990-01-01","1990-01-01","1990-01-01","0","1990-01-01","1990-01-01"
"Norfolk Southern Dillerville Yard East @ F&M College","State Road","2013-07-16","2013-07-16","2013-10-01","0","1990-01-01","1990-01-01"
"The Village at Funk&#039s Farm - Residential",,"1990-01-01","1990-01-01","1990-01-01","0","1990-01-01","1990-01-01"
"The Village at Funk&#039s Farm - Commercial",,"1990-01-01","1990-01-01","1990-01-01","0","1990-01-01","1990-01-01"
"West Hempfield Fire & Rescue New Emergency Services Complex","State Road","1990-01-01","1990-01-01","1990-01-01","0","1990-01-01","1990-01-01"
"Providence Heights",,"1990-01-01","1990-01-01","1990-01-01","0","1990-01-01","1990-01-01"
"LCSWMA Parcel Remediation Temporary Sewer Connection",,"1990-01-01","1990-01-01","1990-01-01","0","1990-01-01","1990-01-01"
"Danz Property @ 311 E. Oregon Rd.","State Road","2008-12-29","2009-01-05","2009-08-01","0","1990-01-01","1990-01-01"
"The Oaks II","Township Road","1990-01-01","1990-01-01","1990-01-01","0","1990-01-01","1990-01-01"
"Long, David @ 525 Koser Rd - Septic to Sewer","Township Road","2009-01-15","2009-02-09","2009-10-06","0","1990-01-01","1990-01-01"
"Manheim Township Library",,"1990-01-01","1990-01-01","1990-01-01","0","1990-01-01","1990-01-01"
"Stauffer Park New Restroom Facility",,"1990-01-01","1990-01-01","1990-01-01","0","1990-01-01","1990-01-01"
"2363 Oregon Pike","State Road","2010-01-22","2010-01-22","2010-12-31","0","2011-03-02","2011-02-08"
"Lancaster Contact Lens Inc",,"1990-01-01","1990-01-01","1990-01-01","0","1990-01-01","1990-01-01"
"Giant Food Store #39 @ Lancaster Shopping Center","State Road","2010-03-30","2010-03-26","2010-07-01","0","1990-01-01","1990-01-01"
"Diller Tract 2009 aka Landon Way Commons","State Road","2011-01-14","2011-01-14","2011-08-01","0","1990-01-01","1990-01-01"
"Prospect Ultra Wash","Standard","2009-08-27","2009-08-27","2010-01-01","0","1990-01-01","1990-01-01"
"D & B PROPERTIES","State Road","2010-03-12","2010-03-12","2011-07-01","0","1990-01-01","2012-08-21"
"Landis Homes - South Campus","Standard","2010-06-14","2011-09-30","2014-10-01","0","1990-01-01","1990-01-01"
"Celebrate Life Christian Church",,"1990-01-01","1990-01-01","1990-01-01","0","1990-01-01","1990-01-01"
"Long Community at Highland Phase 1 Bldgs 2 & 3B","Township Road","2010-10-15","2011-09-30","2014-10-01","0","2013-10-04","2013-03-14"
"Crossway Church of Lancaster","Township Road","2011-09-02","2012-07-05","2014-07-01","0","1990-01-01","2012-06-22"
"Cox - Detached Garage Bathroom","State Road","2009-04-13","2009-04-01","2010-03-15","0","1990-01-01","1990-01-01"
"Moore Business Park Existing Bldg Septic to Sewer",,"1990-01-01","1990-01-01","1990-01-01","0","1990-01-01","1990-01-01"
"Shakespeare Enterprises Expansion",,"1990-01-01","1990-01-01","1990-01-01","0","1990-01-01","1990-01-01"
"Village Commons","Standard","2009-07-28","2009-07-21","2010-01-01","0","1990-01-01","2010-05-18"
"Campus Plaza LLC","Standard","2009-10-23","2009-10-21","2010-10-06","0","1990-01-01","1990-01-01"
"Mennonite Disaster Service","State Road","2010-03-12","2010-03-12","2011-07-01","0","1990-01-01","2012-08-21"
"Country Manor Apartments","Township Road","2010-03-15","2010-03-16","2010-10-01","0","2010-09-27","2010-08-12"
"1500 Sunset Ave Lancaster Dave Costello Lot","Township Road","2009-08-14","2009-08-14","2010-08-01","0","1990-01-01","1990-01-01"
"Homestead Village Expansion",,"1990-01-01","1990-01-01","1990-01-01","0","1990-01-01","1990-01-01"
"Centerville Square - Edward Jones Store",,"1990-01-01","1990-01-01","1990-01-01","0","1990-01-01","1990-01-01"
"Brethren Village Business Center Lot 2",,"1990-01-01","1990-01-01","1990-01-01","0","1990-01-01","1990-01-01"
"Stadel Volvo expansion",,"1990-01-01","1990-01-01","1990-01-01","0","1990-01-01","1990-01-01"
"Golden Meadows Park",,"1990-01-01","1990-01-01","1990-01-01","0","1990-01-01","1990-01-01"
"Luong Residence - Hess Blvd.","Township Road","2009-10-07","2009-10-07","2010-04-20","0","1990-01-01","1990-01-01"
"26 Hess Blvd - Dave Costello lot","Township Road","2009-08-25","2009-08-25","2010-08-01","0","1990-01-01","1990-01-01"
"Eden Resort Inn & Suites - Club Suite #6",,"1990-01-01","1990-01-01","1990-01-01","0","1990-01-01","1990-01-01"
"Ponessa Medical Massage Center",,"1990-01-01","1990-01-01","1990-01-01","0","1990-01-01","1990-01-01"
"Lancaster Toyota Mazda Subdivision","Township Road","1990-01-01","1990-01-01","1990-01-01","0","1990-01-01","1990-01-01"
"Central Manor Elementary School additions",,"1990-01-01","1990-01-01","1990-01-01","0","1990-01-01","1990-01-01"
"Fulton Bank at Granite Run - Demo & Rebuild","Standard","2010-09-14","2010-09-27","2010-11-01","0","1990-01-01","1990-01-01"
"Hogan & Herr Bldrs / 152 Buch Ave Lot Subdivide","Township Road","2013-06-10","2013-05-29","2014-06-03","0","1990-01-01","1990-01-01"
"638 Bean Hill Rd Lot - Kauffman","Township Road","1990-01-01","2009-11-20","2010-04-25","0","1990-01-01","1990-01-01"
"Dunkin Donuts - East Petersburg",,"1990-01-01","1990-01-01","1990-01-01","0","1990-01-01","1990-01-01"
"Grandview Subdivision Phase 1","Standard","2013-01-10","2012-10-03","2014-10-01","0","1990-01-01","1990-01-01"
"Millers Greenhouses - Septic to Sewer","State Road","2010-01-15","2010-01-15","2010-04-01","0","1990-01-01","1990-01-01"
"Integrity Bank - 1683 Oregon Pike Site",,"1990-01-01","1990-01-01","1990-01-01","0","1990-01-01","1990-01-01"
"Snyder Funeral Home - Building Expansion",,"1990-01-01","1990-01-01","1990-01-01","0","1990-01-01","1990-01-01"
"Diener Lot - 12 Spruce Rd Mountville","Township Road","2010-02-02","2010-02-02","2014-07-01","0","1990-01-01","1990-01-01"
"State Farm Office Bldg Expansion",,"1990-01-01","1990-01-01","1990-01-01","0","1990-01-01","1990-01-01"
"Secker, Andrew property","Township Road","2010-03-12","2010-03-12","2011-07-01","0","1990-01-01","2012-08-21"
"Spring Haven - New Plan 2010","Township Road","2010-09-10","2010-09-14","2011-11-05","0","2011-11-29","2011-05-27"
"Integrity Gas Station @ existing car wash","N/A","1990-01-01","1990-01-01","1990-01-01","0","1990-01-01","1990-01-01"
"Integrity Bank @ existing gas station","Standard","2010-07-27","2010-07-27","2012-10-01","0","1990-01-01","1990-01-01"
"Manheim Twp School District Landis Run Intermediate School (formerly called 5&6 grade bldg)","Standard","2011-01-21","2011-01-21","2013-07-01","0","1990-01-01","1990-01-01"
"Burkkolder, Al - 707 Petersburg Rd - Septic to Sewer","Standard","2010-07-19","2010-07-19","2012-07-01","0","1990-01-01","1990-01-01"
"Metro Bank Airport Rd c/o Brethren Village","Township Road","1990-01-01","1990-01-01","1990-01-01","0","1990-01-01","1990-01-01"
"Penn Cinema Management Co. - Addition-IMAX",,"1990-01-01","1990-01-01","1990-01-01","0","1990-01-01","1990-01-01"
"Brooklawn Subdivision - PHASE 1","Standard","2013-01-11","2013-01-11","2013-10-01","0","2014-04-29","2013-06-18"
"Forrys Country Store Expansion",,"1990-01-01","1990-01-01","1990-01-01","0","1990-01-01","1990-01-01"
"Elmwood Partners Ltd Subdivision",,"1990-01-01","1990-01-01","1990-01-01","0","1990-01-01","1990-01-01"
"1514 Sunset Ave Lancaster Lot Hogan Residential","Township Road","2010-04-06","2010-03-23","2010-08-24","0","1990-01-01","1990-01-01"
"Goss, Jeff 1717 Marietta Ave Septic to Sewer","Township Road","2010-04-01","2010-04-06","2010-04-14","0","1990-01-01","1990-01-01"
"Summit Hills Lot 153 Section 4 Revised","Township Road","2010-04-01","2010-04-01","2010-10-01","0","1990-01-01","1990-01-01"
"Diffenderfer Family Trust 3558-3560 Marietta Ave Apts - septic to sewer",,"1990-01-01","1990-01-01","1990-01-01","0","1990-01-01","1990-01-01"
"Faulkner BMW","Standard","2010-08-10","2011-01-06","2011-12-31","0","1990-01-01","1990-01-01"
"Yellow Freight Site - Rohrerstown Rd","Township Road","2010-06-21","2010-06-21","2010-10-06","0","1990-01-01","1990-01-01"
"St. Anne&#039s Retirement Community",,"1990-01-01","1990-01-01","1990-01-01","0","1990-01-01","1990-01-01"
"Kleinsasser Subdivision - 1164 Erbs Quarry Rd","Standard","1990-01-01","1990-01-01","1990-01-01","0","1990-01-01","1990-01-01"
"Kline&#039s Services, Inc. -  Office Relocation",,"1990-01-01","1990-01-01","1990-01-01","0","1990-01-01","1990-01-01"
"Sycamore Builders - lot @ 915 Shreiner Ave","Township Road","2011-05-17","2011-05-17","2012-03-18","0","1990-01-01","1990-01-01"
"351 Richardson LP Site Improvements",,"1990-01-01","1990-01-01","1990-01-01","0","1990-01-01","1990-01-01"
"391 Apple Lane Lot","Standard","2010-10-21","2010-10-25","2011-08-24","0","1990-01-01","1990-01-01"
"Millwood Homes lot @ 2323 Louxmont Dr","Township Road","2010-07-30","2010-07-28","2011-04-04","0","1990-01-01","1990-01-01"
"Millwood Homes lot @ 50 Ginko Ct","Township Road","1990-01-01","1990-01-01","1990-01-01","0","1990-01-01","1990-01-01"
"PPL Lancaster Washbay Addition",,"1990-01-01","1990-01-01","1990-01-01","0","1990-01-01","1990-01-01"
"Veranda Phase 4","Standard","2011-02-09","2011-10-03","2014-10-01","0","1990-01-01","1990-01-01"
"Rybner, Jacob Lot @ 231 Old Delp Rd","Township Road","2011-02-11","2011-03-14","2011-09-29","0","1990-01-01","1990-01-01"
"Five Guys - Centerville Shopping Ctr",,"1990-01-01","1990-01-01","1990-01-01","0","1990-01-01","1990-01-01"
"Root&#039s Country Market & Auction, Inc.",,"1990-01-01","1990-01-01","1990-01-01","0","1990-01-01","1990-01-01"
"Letort Manor & Perth Hills Permitting",,"1990-01-01","1990-01-01","1990-01-01","0","1990-01-01","1990-01-01"
"Belfiglio Subdivision","Township Road","1990-01-01","1990-01-01","1990-01-01","0","1990-01-01","1990-01-01"
"Charlotte St Single Lot","Township Road","2010-12-14","2010-12-15","2011-12-30","0","1990-01-01","1990-01-01"
"Charlotte St Subdivision","Township Road","2013-07-24","2013-07-24","2013-11-10","0","1990-01-01","1990-01-01"
"Manor Township CROSSGATES Permitting NOT LASA OWNED",,"1990-01-01","1990-01-01","1990-01-01","0","1990-01-01","1990-01-01"
"Lancaster Bible College North Campus PHASE 2A",,"1990-01-01","1990-01-01","1990-01-01","0","1990-01-01","1990-01-01"
"Hempfield School District Farmdale School Redo","Standard","2012-04-20","2012-04-20","2012-10-06","0","1990-01-01","1990-01-01"
"Hempfield School District Landisville Intermediate Center - NEW","State Road","2011-07-19","2011-12-30","2013-01-01","0","1990-01-01","1990-01-01"
"Diffenderfer Family Trust Subdivision",,"1990-01-01","1990-01-01","1990-01-01","0","1990-01-01","1990-01-01"
"Lancaster County Morgue","Standard","2011-11-29","2011-11-29","2012-02-01","0","1990-01-01","1990-01-01"
"Heagy Inc. Richard - Warehouse Expansion",,"1990-01-01","1990-01-01","1990-01-01","0","1990-01-01","1990-01-01"
"Genesys Controls",,"1990-01-01","1990-01-01","1990-01-01","0","1990-01-01","1990-01-01"
"2714 Brookfield Rd Lot","Township Road","2011-03-31","2011-04-13","2014-03-21","0","1990-01-01","1990-01-01"
"Lancaster Toyota New Service Center","Township Road","2011-07-21","2012-07-05","2013-07-01","0","1990-01-01","1990-01-01"
"Oral and Maxillofacial Surgery Renovation",,"1990-01-01","1990-01-01","1990-01-01","0","1990-01-01","1990-01-01"
"Superior Homes - 1731 Temple Ave Lot","Township Road","2011-04-21","2011-04-27","2011-08-17","0","1990-01-01","1990-01-01"
"Wenger&#039s Construction 156 Stony Battery Rd lot","Township Road","2011-05-04","2011-05-04","2011-09-11","0","1990-01-01","1990-01-01"
"Clutch & Go Automatic Transmissions","Township Road","1990-01-01","1990-01-01","1990-01-01","0","1990-01-01","1990-01-01"
"630 Valley Road","N/A","1990-01-01","1990-01-01","1990-01-01","0","1990-01-01","1990-01-01"
"LGH - Ann B Barshinger Cancer Center",,"1990-01-01","1990-01-01","1990-01-01","0","1990-01-01","1990-01-01"
"5922 Pine St rear","Township Road","2011-06-21","2011-06-21","2011-07-01","0","1990-01-01","1990-01-01"
"Adorers of the Blood of Christ US Region","Standard","1990-01-01","1990-01-01","1990-01-01","0","1990-01-01","1990-01-01"
"Southern Village Phase 3A","Standard","2011-09-06","2014-06-27","2014-10-01","0","1990-01-01","1990-01-01"
"Cedar Oregon Pike LLC","State Road","2012-05-23","2012-05-23","2012-07-01","0","2013-05-01","2013-03-15"
"Stonehenge Reserve PHASE 2","Standard","2011-11-16","2011-11-16","2012-03-31","0","2013-11-26","2012-07-12"
"Richter Precision Inc.",,"1990-01-01","1990-01-01","1990-01-01","0","1990-01-01","1990-01-01"
"Blackford Development - 4010 & 4015 Columbia Ave",,"1990-01-01","1990-01-01","1990-01-01","0","1990-01-01","1990-01-01"
"Members 1st Federal Credit Union",,"1990-01-01","1990-01-01","1990-01-01","0","1990-01-01","1990-01-01"
"Long Community at Highland Phase 2",,"1990-01-01","1990-01-01","1990-01-01","0","2013-10-04","2013-03-14"
"Torchia, Michael sewer extension (Old Blue Rock Rd)","State Road","2012-04-11","2012-04-18","2013-01-01","0","2013-04-03","2012-09-20"
"5100 Main Realty Subdivision Lot 1 and 2","Standard","2012-06-15","2012-06-15","2013-03-30","0","1990-01-01","1990-01-01"
"66 Keller Avenue Expansion",,"1990-01-01","1990-01-01","1990-01-01","0","1990-01-01","1990-01-01"
"Landis Trucking Expansion",,"1990-01-01","1990-01-01","1990-01-01","0","1990-01-01","1990-01-01"
"Hempfield School District  New East Petersburg Elementary","State Road","2012-04-17","2012-04-17","2012-10-01","0","1990-01-01","1990-01-01"
"Manheim Twp School Dist - Blue Streak Pavillion Facilities",,"1990-01-01","1990-01-01","1990-01-01","0","1990-01-01","1990-01-01"
"Hess Tract",,"1990-01-01","1990-01-01","1990-01-01","0","1990-01-01","1990-01-01"
"1989 Sterling Place Lot","Township Road","2011-11-03","2011-11-03","2012-04-06","0","1990-01-01","1990-01-01"
"State Road Commerce Park",,"1990-01-01","1990-01-01","1990-01-01","0","1990-01-01","1990-01-01"
"Y & S Candies Inc - Expansion",,"1990-01-01","1990-01-01","1990-01-01","0","1990-01-01","1990-01-01"
"Long Community at Highland Phase 3",,"1990-01-01","1990-01-01","1990-01-01","0","2013-10-04","2013-03-14"
"1556 Euclid Dr Lancaster Dave Costello Lot","Standard","2011-10-20","2011-10-20","2012-09-01","0","1990-01-01","1990-01-01"
"231 Hess Blvd Lancaster Dave Costello Lot","Standard","2011-10-20","2011-10-20","2012-09-01","0","1990-01-01","1990-01-01"
"176 Chestnut St Jay Smith Lot","Township Road","2011-10-25","2011-10-25","2012-07-01","0","1990-01-01","1990-01-01"
"Historic Stoner House",,"1990-01-01","1990-01-01","1990-01-01","0","1990-01-01","1990-01-01"
"CVS/ Centerville Square Expansion",,"1990-01-01","1990-01-01","1990-01-01","0","1990-01-01","1990-01-01"
"Westminster Presbyterian Church - Connection Relocate","Standard","2012-02-09","2012-07-05","2014-07-01","0","1990-01-01","1990-01-01"
"Norton, Jim L. II properties 2834 and 2910 Columbia Ave",,"1990-01-01","1990-01-01","1990-01-01","0","1990-01-01","1990-01-01"
"2791 Southwick Dr. - Jon Warner Homes lot","Standard","2014-06-02","2014-06-02","2014-08-24","0","1990-01-01","1990-01-01"
"Kauffman, Ben E & Robin M Subdivision","State Road","2013-12-18","2012-07-05","2015-07-01","0","1990-01-01","1990-01-01"
"Grace United Methodist Church","Township Road","2012-06-12","2012-07-05","2014-07-01","0","1990-01-01","1990-01-01"
"1500 Stony Battery Rd - Convert to Apartments",,"1990-01-01","1990-01-01","1990-01-01","0","1990-01-01","1990-01-01"
"E. R. Martin School Rebuild - Honeysuckle Force Main",,"2012-10-22","2012-10-22","2013-01-01","0","2014-01-29","2014-01-10"
"Paccar Inc. Expansion",,"1990-01-01","1990-01-01","1990-01-01","0","1990-01-01","1990-01-01"
"Enterprise Rent-A-Car Washbay Addition",,"1990-01-01","1990-01-01","1990-01-01","0","1990-01-01","1990-01-01"
"Sheetz Inc - 4010 Columbia Avenue",,"1990-01-01","1990-01-01","1990-01-01","0","1990-01-01","1990-01-01"
"Milton Estates",,"1990-01-01","1990-01-01","1990-01-01","0","1990-01-01","1990-01-01"
"122 Fordney Road- Jay Stoltzfus",,"1990-01-01","1990-01-01","1990-01-01","0","1990-01-01","1990-01-01"
"Sylvan View Phase 1","Township Road","2013-02-05","2013-02-05","2013-10-06","0","1990-01-01","1990-01-01"
"Hambright Elementary School",,"1990-01-01","1990-01-01","1990-01-01","0","1990-01-01","1990-01-01"
"Autohaus Lancaster - Porsche Showroom",,"1990-01-01","1990-01-01","1990-01-01","0","1990-01-01","1990-01-01"
"Blessed John XXII Religious Education Center","Standard","2013-06-17","1990-01-01","1990-01-01","0","1990-01-01","1990-01-01"
"Calvary Fellowship Homes Lot Consolidation","Standard","1990-01-01","2013-01-25","2014-03-15","0","1990-01-01","1990-01-01"
"Hunger-N-Thirst","Township Road","2012-08-22","2013-04-12","2014-04-12","0","1990-01-01","1990-01-01"
"Stone House Place","Standard","2013-03-11","2013-03-11","2013-08-01","0","2013-11-26","2013-10-31"
"Fern Hill Ventures LP - 601 S. Sixteenth St.",,"1990-01-01","1990-01-01","1990-01-01","0","1990-01-01","1990-01-01"
"Alcoa/ Alumax Mill Products Truck Scale","Standard","1990-01-01","1990-01-01","1990-01-01","0","1990-01-01","1990-01-01"
"Rutter&#039s Farm Store #23 - US 30 & Stony Battery Rd","Township Road","2013-03-05","2013-03-05","2013-12-23","0","1990-01-01","1990-01-01"
"Overlook Town Center - mixed use - Commercial","State Road","2013-06-11","2013-07-17","2013-10-06","0","1990-01-01","1990-01-01"
"Overlook Town Center - mixed use - Residential",,"1990-01-01","1990-01-01","1990-01-01","0","1990-01-01","1990-01-01"
"Landis Valley Sewer Extension Permitting",,"1990-01-01","1990-01-01","1990-01-01","0","1990-01-01","1990-01-01"
"141 Sunrise Ave - Kenneth Homes lot","Township Road","2012-11-05","2012-11-15","2013-09-17","0","1990-01-01","1990-01-01"
"Regency Square Lot 19",,"1990-01-01","1990-01-01","1990-01-01","0","1990-01-01","1990-01-01"
"340 Roseville Road West","Township Road","2012-12-19","2012-12-19","2015-07-01","0","1990-01-01","1990-01-01"
"Landis Farm",,"1990-01-01","1990-01-01","1990-01-01","0","1990-01-01","1990-01-01"
"David Charles Tract subdivision in Manor Twp","Township Road","2013-03-28","2013-04-17","2014-06-30","0","1990-01-01","1990-01-01"
"Echo Valley Ln Lot","Standard","2013-09-23","2013-09-23","2014-08-01","0","1990-01-01","1990-01-01"
"Spooky Nook Sports","Standard","2013-07-19","2013-07-17","2014-05-01","0","1990-01-01","1990-01-01"
"Lime Springs Farm","Standard","2014-06-09","2014-05-29","2015-05-01","0","1990-01-01","1990-01-01"
"Village Commons - Redo","Standard","2014-03-04","2014-03-04","2014-09-01","0","1990-01-01","1990-01-01"
"1611 Oregon Pike - lot subdivision",,"1990-01-01","1990-01-01","1990-01-01","0","1990-01-01","1990-01-01"
"Carper, Kenneth L. Sr. - 2 Regal Alley & 4 Regal Alley - NOW Ironstone Homes Lots","Township Road","2014-06-04","2014-06-10","2015-03-01","0","1990-01-01","1990-01-01"
"Grandview Subdivision Phase 2",,"1990-01-01","1990-01-01","1990-01-01","0","1990-01-01","1990-01-01"
"Eden Resort 3rd Floor Expansion",,"1990-01-01","1990-01-01","1990-01-01","0","1990-01-01","1990-01-01"
"Lancaster Airport Authority Ambulance/ Balloonport Bldg",,"1990-01-01","1990-01-01","1990-01-01","0","1990-01-01","1990-01-01"
"All Size Corrugated - New Bldg",,"1990-01-01","1990-01-01","1990-01-01","0","1990-01-01","1990-01-01"
"Stonehenge Reserve PHASE 3","Standard","2013-06-14","2013-06-14","2015-07-01","0","2014-05-27","2014-04-10"
"Pop-It Graphics",,"1990-01-01","1990-01-01","1990-01-01","0","1990-01-01","1990-01-01"
"WEE CARE DAY SCHOOL (formerly East Pete Daycare Ctr)",,"1990-01-01","1990-01-01","1990-01-01","0","1990-01-01","1990-01-01"
"396 Buch Ave - Ironstone Homes LLC","Township Road","2013-06-14","2013-06-14","2014-02-17","0","1990-01-01","1990-01-01"
"Essex Court","Township Road","1990-01-01","1990-01-01","1990-01-01","0","1990-01-01","1990-01-01"
"Hempfield School District Landisville Education Center - LEC","State Road","2013-09-18","2013-09-18","2014-08-01","0","1990-01-01","1990-01-01"
"1149 Aquilla Dr - Ironstone Homes LLC","Township Road","2013-05-20","2013-05-20","2014-02-17","0","1990-01-01","1990-01-01"
"East Petersburg Boro - Nitrate Plant","Standard","2013-08-05","2013-08-14","2014-08-24","0","1990-01-01","1990-01-01"
"FERN LN Subdivision - Pete Alecxih","Standard","1990-01-01","1990-01-01","1990-01-01","0","1990-01-01","1990-01-01"
"HILLCREST AVE Subdivision - Pete Alecxih",,"1990-01-01","1990-01-01","1990-01-01","0","1990-01-01","1990-01-01"
"Manheim Twp School Dist - Maintenance Bldg",,"1990-01-01","1990-01-01","1990-01-01","0","1990-01-01","1990-01-01"
"Quattro Development LLC","Standard","2014-05-12","2014-05-13","2014-11-05","0","1990-01-01","1990-01-01"
"Brunswick Farms Apartments",,"1990-01-01","1990-01-01","1990-01-01","0","1990-01-01","1990-01-01"
"Hahn Farming Enterprises 3 Lot Subdivision","State Road","1990-01-01","1990-01-01","1990-01-01","0","1990-01-01","1990-01-01"
"Turkey Hill Prospect Rd Renovation",,"1990-01-01","1990-01-01","1990-01-01","0","1990-01-01","1990-01-01"
"Brethren Village Fieldcrest Cottages 13 IDU&#039s",,"1990-01-01","1990-01-01","1990-01-01","0","1990-01-01","1990-01-01"
"Grandview Center - mixed use","Township Road","1990-01-01","1990-01-01","1990-01-01","0","1990-01-01","1990-01-01"
"Lime Springs Farm - QBP - Quality Bicycle Products","Township Road","1990-01-01","1990-01-01","1990-01-01","0","1990-01-01","1990-01-01"
"Herman, Donald & Jacquelyn subdivision 1059 Sylvan Rd",,"1990-01-01","1990-01-01","1990-01-01","0","1990-01-01","1990-01-01"
"Benecon","Township Road","1990-01-01","1990-01-01","1990-01-01","0","1990-01-01","1990-01-01"
"Perate lot - 1246 Harrisburg Pk",,"1990-01-01","1990-01-01","1990-01-01","0","1990-01-01","1990-01-01"
"Landis Valley LP 2660 Oregon Pk residence septic to sewer","State Road","1990-01-01","1990-01-01","1990-01-01","0","1990-01-01","1990-01-01"
"Park City Apartments",,"1990-01-01","1990-01-01","1990-01-01","0","1990-01-01","1990-01-01"
"Manheim Twp School Dist - Neffsville IU 13",,"1990-01-01","1990-01-01","1990-01-01","0","1990-01-01","1990-01-01"
"Hillcrest Ave Lot - C&F Inc (Fabio Pini) 1526 Hillcrest Ave","Township Road","2014-03-10","2014-01-29","2015-01-01","0","1990-01-01","1990-01-01"
"Neurology & Stroke Assocs. - MRI Addition",,"1990-01-01","1990-01-01","1990-01-01","0","1990-01-01","1990-01-01"
"Woods Edge Ph 2 Sect 4 Subdivision Plan REVISION",,"1990-01-01","1990-01-01","1990-01-01","0","1990-01-01","1990-01-01"
"Lancaster Bible College - New Academic Bldg",,"1990-01-01","1990-01-01","1990-01-01","0","1990-01-01","1990-01-01"
"Historic Stone House Moving Project - Mark Ashley","Standard","1990-01-01","1990-01-01","1990-01-01","0","1990-01-01","1990-01-01"
"543 Champ Blvd. - Hotel  (Toews)","State Road","1990-01-01","1990-01-01","1990-01-01","0","1990-01-01","1990-01-01"
"Landis Homes South Campus Expand 2014",,"1990-01-01","1990-01-01","1990-01-01","0","1990-01-01","1990-01-01"
"St. Anne&#039s Retirement Community Expand. 2014",,"1990-01-01","1990-01-01","1990-01-01","0","1990-01-01","1990-01-01"
"1101 Central Manor Rd (septic to sewer)","Standard","2014-06-13","2014-06-17","2015-06-03","0","1990-01-01","1990-01-01"
"Mohn lot subdivide @ 1431 Hunsecker Rd","Township Road","1990-01-01","1990-01-01","1990-01-01","0","1990-01-01","1990-01-01"
"Settlements East","Township Road","1990-01-01","1990-01-01","1990-01-01","0","1990-01-01","1990-01-01"
"VOID - duplicate Existing Log #13-813",,"1990-01-01","1990-01-01","1990-01-01","0","1990-01-01","1990-01-01"
"Fairmont Subdivision Phase 1","Township Road","1990-01-01","1990-01-01","1990-01-01","0","1990-01-01","1990-01-01"
"Stone Fence",,"1990-01-01","1990-01-01","1990-01-01","0","1990-01-01","1990-01-01"
"Moove In Partners 741 LP (septic to sewer)",,"1990-01-01","1990-01-01","1990-01-01","0","1990-01-01","1990-01-01"
"Lancaster Country Day School Expansion",,"1990-01-01","1990-01-01","1990-01-01","0","1990-01-01","1990-01-01"
"J&S Property - 101 W Main St Salunga",,"1990-01-01","1990-01-01","1990-01-01","0","1990-01-01","1990-01-01"
"Hess Home Bldrs Lot - 708 Tusitala Drive","Township Road","1990-01-01","1990-01-01","1990-01-01","0","1990-01-01","1990-01-01"
"Lancaster Bible College - New Residence Hall",,"1990-01-01","1990-01-01","1990-01-01","0","1990-01-01","1990-01-01"
